id_interacao,id_cliente,data_interacao,canal,direcao,resultado,texto
INT000005,PJ0001,2025-12-23,whatsapp,ativa,sem_sucesso,E-mail devolvido; necessário validar o endereço antes de nova tentativa.
INT000002,PJ0001,2026-01-07,telefone,ativa,sem_sucesso,"Mensagem enviada no canal autorizado, ainda sem retorno do representante."
INT000003,PJ0001,2026-01-21,whatsapp,ativa,intencao_pagamento,Cliente reconheceu o débito e solicitou prazo curto para organizar o pagamento.
INT000001,PJ0001,2026-02-04,email,ativa,sem_sucesso,"Mensagem enviada no canal autorizado, ainda sem retorno do representante."
INT000004,PJ0001,2026-02-27,telefone,ativa,promessa_registrada,"Promessa de pagamento registrada para os próximos dias, aguardando acompanhamento."
INT000006,PJ0002,2025-12-23,whatsapp,receptiva,intencao_pagamento,Cliente reconheceu o débito e solicitou prazo curto para organizar o pagamento.
INT000008,PJ0002,2026-01-25,telefone,ativa,intencao_pagamento,Representante confirmou intenção de pagamento após recebimento de cliente relevante.
INT000007,PJ0002,2026-01-28,telefone,ativa,recusa_oferta,Cliente considerou a parcela acima da capacidade atual e recusou a oferta.
INT000009,PJ0003,2026-01-01,telefone,ativa,promessa_registrada,Cliente confirmou data e valor para pagamento parcial pelo portal.
INT000011,PJ0004,2025-11-24,whatsapp,receptiva,sem_sucesso,E-mail devolvido; necessário validar o endereço antes de nova tentativa.
INT000010,PJ0004,2026-01-09,whatsapp,receptiva,dificuldade_temporaria,Cliente relatou queda temporária de faturamento e interesse em parcelamento.
INT000012,PJ0005,2026-02-25,whatsapp,ativa,promessa_registrada,"Promessa de pagamento registrada para os próximos dias, aguardando acompanhamento."
INT000013,PJ0005,2026-02-26,whatsapp,ativa,recusa_oferta,Proposta apresentada não foi aceita; solicitado novo contato após revisão do caixa.
INT000018,PJ0006,2026-02-24,email,receptiva,recusa_oferta,Proposta apresentada não foi aceita; solicitado novo contato após revisão do caixa.
INT000017,PJ0006,2026-03-01,whatsapp,receptiva,intencao_pagamento,Empresa informou fluxo de caixa previsto e pediu envio das opções no portal.
INT000016,PJ0006,2026-03-14,portal,ativa,recusa_oferta,Cliente considerou a parcela acima da capacidade atual e recusou a oferta.
INT000015,PJ0006,2026-04-19,email,ativa,dificuldade_temporaria,Representante relatou atraso pontual de um comprador e solicitou nova condição.
INT000014,PJ0006,2026-04-25,whatsapp,ativa,dificuldade_temporaria,Empresa informou sazonalidade no caixa e pediu parcelas alinhadas aos recebíveis.
INT000019,PJ0007,2026-01-28,email,ativa,sem_sucesso,"Mensagem enviada no canal autorizado, ainda sem retorno do representante."
INT000020,PJ0007,2026-02-19,whatsapp,ativa,promessa_registrada,"Promessa de pagamento registrada para os próximos dias, aguardando acompanhamento."
INT000021,PJ0008,2026-02-27,telefone,receptiva,intencao_pagamento,Empresa informou fluxo de caixa previsto e pediu envio das opções no portal.
INT000024,PJ0009,2026-02-27,whatsapp,ativa,sem_sucesso,E-mail devolvido; necessário validar o endereço antes de nova tentativa.
INT000023,PJ0009,2026-03-08,portal,ativa,dificuldade_temporaria,Representante relatou atraso pontual de um comprador e solicitou nova condição.
INT000022,PJ0009,2026-04-02,email,receptiva,dificuldade_temporaria,Cliente relatou queda temporária de faturamento e interesse em parcelamento.
INT000025,PJ0010,2026-02-23,whatsapp,ativa,sem_sucesso,E-mail devolvido; necessário validar o endereço antes de nova tentativa.
INT000027,PJ0010,2026-02-27,whatsapp,receptiva,promessa_registrada,"Promessa de pagamento registrada para os próximos dias, aguardando acompanhamento."
INT000026,PJ0010,2026-03-18,portal,ativa,sem_sucesso,E-mail devolvido; necessário validar o endereço antes de nova tentativa.
INT000029,PJ0011,2026-01-12,telefone,ativa,intencao_pagamento,Representante confirmou intenção de pagamento após recebimento de cliente relevante.
INT000028,PJ0011,2026-01-15,telefone,ativa,intencao_pagamento,Representante confirmou intenção de pagamento após recebimento de cliente relevante.
INT000030,PJ0011,2026-01-23,email,ativa,dificuldade_temporaria,Representante relatou atraso pontual de um comprador e solicitou nova condição.
INT000031,PJ0011,2026-01-29,email,ativa,promessa_registrada,Cliente confirmou data e valor para pagamento parcial pelo portal.
INT000032,PJ0012,2026-01-21,whatsapp,ativa,recusa_oferta,Cliente considerou a parcela acima da capacidade atual e recusou a oferta.
INT000034,PJ0012,2026-02-01,email,ativa,promessa_registrada,Cliente confirmou data e valor para pagamento parcial pelo portal.
INT000033,PJ0012,2026-02-13,telefone,ativa,contestacao,Representante contestou o valor e solicitou validação do contrato antes de negociar.
INT000035,PJ0013,2026-01-06,portal,ativa,promessa_registrada,"Promessa de pagamento registrada para os próximos dias, aguardando acompanhamento."
INT000036,PJ0014,2026-02-20,whatsapp,ativa,intencao_pagamento,Cliente reconheceu o débito e solicitou prazo curto para organizar o pagamento.
INT000038,PJ0015,2026-04-05,email,ativa,dificuldade_temporaria,Cliente relatou queda temporária de faturamento e interesse em parcelamento.
INT000037,PJ0015,2026-04-26,email,ativa,dificuldade_temporaria,Cliente relatou queda temporária de faturamento e interesse em parcelamento.
INT000040,PJ0016,2026-02-16,whatsapp,ativa,intencao_pagamento,Representante confirmou intenção de pagamento após recebimento de cliente relevante.
INT000039,PJ0016,2026-02-18,whatsapp,ativa,recusa_oferta,Cliente considerou a parcela acima da capacidade atual e recusou a oferta.
INT000041,PJ0016,2026-04-10,whatsapp,ativa,dificuldade_temporaria,Representante relatou atraso pontual de um comprador e solicitou nova condição.
INT000044,PJ0017,2025-12-30,portal,receptiva,contestacao,Cliente informou divergência no saldo; negociação interrompida para análise.
INT000045,PJ0017,2026-02-17,whatsapp,receptiva,dificuldade_temporaria,Representante relatou atraso pontual de um comprador e solicitou nova condição.
INT000043,PJ0017,2026-02-18,telefone,ativa,contestacao,Representante contestou o valor e solicitou validação do contrato antes de negociar.
INT000042,PJ0017,2026-02-20,whatsapp,receptiva,intencao_pagamento,Representante confirmou intenção de pagamento após recebimento de cliente relevante.
INT000046,PJ0017,2026-02-27,telefone,receptiva,promessa_registrada,"Promessa de pagamento registrada para os próximos dias, aguardando acompanhamento."
INT000047,PJ0018,2025-12-23,email,ativa,dificuldade_temporaria,Cliente relatou queda temporária de faturamento e interesse em parcelamento.
INT000050,PJ0018,2025-12-24,email,receptiva,intencao_pagamento,Cliente reconheceu o débito e solicitou prazo curto para organizar o pagamento.
INT000051,PJ0018,2026-01-08,whatsapp,ativa,dificuldade_temporaria,Empresa informou sazonalidade no caixa e pediu parcelas alinhadas aos recebíveis.
INT000049,PJ0018,2026-01-22,telefone,ativa,promessa_registrada,"Promessa de pagamento registrada para os próximos dias, aguardando acompanhamento."
INT000048,PJ0018,2026-01-28,whatsapp,receptiva,sem_sucesso,Tentativa sem sucesso; telefone chamou e não houve atendimento.
INT000054,PJ0019,2026-03-20,whatsapp,receptiva,intencao_pagamento,Empresa informou fluxo de caixa previsto e pediu envio das opções no portal.
INT000055,PJ0019,2026-03-26,email,ativa,intencao_pagamento,Empresa informou fluxo de caixa previsto e pediu envio das opções no portal.
INT000056,PJ0019,2026-03-27,telefone,receptiva,promessa_registrada,"Promessa de pagamento registrada para os próximos dias, aguardando acompanhamento."
INT000053,PJ0019,2026-04-17,telefone,ativa,intencao_pagamento,Representante confirmou intenção de pagamento após recebimento de cliente relevante.
INT000052,PJ0019,2026-04-25,whatsapp,receptiva,contestacao,Cliente informou divergência no saldo; negociação interrompida para análise.
INT000058,PJ0020,2026-04-29,email,receptiva,promessa_registrada,"Promessa de pagamento registrada para os próximos dias, aguardando acompanhamento."
INT000057,PJ0020,2026-05-15,portal,ativa,dificuldade_temporaria,Cliente relatou queda temporária de faturamento e interesse em parcelamento.
INT000059,PJ0020,2026-05-23,portal,ativa,promessa_registrada,Cliente confirmou data e valor para pagamento parcial pelo portal.
INT000060,PJ0021,2026-02-16,whatsapp,ativa,sem_sucesso,E-mail devolvido; necessário validar o endereço antes de nova tentativa.
INT000061,PJ0021,2026-04-05,telefone,ativa,recusa_oferta,Proposta apresentada não foi aceita; solicitado novo contato após revisão do caixa.
INT000062,PJ0022,2026-04-17,portal,ativa,promessa_registrada,Cliente confirmou data e valor para pagamento parcial pelo portal.
INT000063,PJ0022,2026-04-22,email,ativa,intencao_pagamento,Representante confirmou intenção de pagamento após recebimento de cliente relevante.
INT000064,PJ0022,2026-06-25,telefone,ativa,sem_sucesso,Tentativa sem sucesso; telefone chamou e não houve atendimento.
INT000065,PJ0023,2026-02-04,telefone,ativa,intencao_pagamento,Empresa informou fluxo de caixa previsto e pediu envio das opções no portal.
INT000068,PJ0024,2026-02-24,telefone,ativa,recusa_oferta,Cliente considerou a parcela acima da capacidade atual e recusou a oferta.
INT000066,PJ0024,2026-03-01,telefone,ativa,dificuldade_temporaria,Cliente relatou queda temporária de faturamento e interesse em parcelamento.
INT000069,PJ0024,2026-03-09,telefone,ativa,intencao_pagamento,Cliente reconheceu o débito e solicitou prazo curto para organizar o pagamento.
INT000067,PJ0024,2026-04-03,whatsapp,ativa,recusa_oferta,Cliente considerou a parcela acima da capacidade atual e recusou a oferta.
INT000072,PJ0025,2025-12-16,email,ativa,recusa_oferta,Proposta apresentada não foi aceita; solicitado novo contato após revisão do caixa.
INT000070,PJ0025,2026-01-22,telefone,ativa,intencao_pagamento,Representante confirmou intenção de pagamento após recebimento de cliente relevante.
INT000071,PJ0025,2026-02-16,telefone,ativa,intencao_pagamento,Cliente reconheceu o débito e solicitou prazo curto para organizar o pagamento.
INT000073,PJ0026,2025-12-09,portal,ativa,sem_sucesso,Tentativa sem sucesso; telefone chamou e não houve atendimento.
INT000074,PJ0026,2025-12-18,portal,ativa,promessa_registrada,"Promessa de pagamento registrada para os próximos dias, aguardando acompanhamento."
INT000078,PJ0027,2026-03-16,telefone,ativa,promessa_registrada,"Promessa de pagamento registrada para os próximos dias, aguardando acompanhamento."
INT000075,PJ0027,2026-04-01,telefone,ativa,intencao_pagamento,Cliente reconheceu o débito e solicitou prazo curto para organizar o pagamento.
INT000076,PJ0027,2026-04-02,telefone,ativa,sem_sucesso,E-mail devolvido; necessário validar o endereço antes de nova tentativa.
INT000077,PJ0027,2026-05-20,whatsapp,ativa,dificuldade_temporaria,Empresa informou sazonalidade no caixa e pediu parcelas alinhadas aos recebíveis.
INT000080,PJ0028,2026-04-09,email,ativa,contestacao,Cliente informou divergência no saldo; negociação interrompida para análise.
INT000079,PJ0028,2026-05-01,telefone,ativa,sem_sucesso,"Mensagem enviada no canal autorizado, ainda sem retorno do representante."
INT000081,PJ0028,2026-05-23,portal,receptiva,sem_sucesso,"Mensagem enviada no canal autorizado, ainda sem retorno do representante."
INT000084,PJ0029,2025-12-16,whatsapp,ativa,intencao_pagamento,Cliente reconheceu o débito e solicitou prazo curto para organizar o pagamento.
INT000082,PJ0029,2025-12-24,portal,ativa,dificuldade_temporaria,Empresa informou sazonalidade no caixa e pediu parcelas alinhadas aos recebíveis.
INT000083,PJ0029,2026-01-12,whatsapp,ativa,recusa_oferta,Cliente considerou a parcela acima da capacidade atual e recusou a oferta.
INT000085,PJ0029,2026-01-28,whatsapp,receptiva,intencao_pagamento,Representante confirmou intenção de pagamento após recebimento de cliente relevante.
INT000088,PJ0030,2025-12-16,whatsapp,ativa,contestacao,Representante contestou o valor e solicitou validação do contrato antes de negociar.
INT000089,PJ0030,2025-12-30,telefone,ativa,sem_sucesso,"Mensagem enviada no canal autorizado, ainda sem retorno do representante."
INT000086,PJ0030,2026-01-10,whatsapp,ativa,promessa_registrada,"Promessa de pagamento registrada para os próximos dias, aguardando acompanhamento."
INT000090,PJ0030,2026-01-30,telefone,ativa,recusa_oferta,Proposta apresentada não foi aceita; solicitado novo contato após revisão do caixa.
INT000087,PJ0030,2026-02-18,whatsapp,ativa,contestacao,Representante contestou o valor e solicitou validação do contrato antes de negociar.
INT000092,PJ0031,2026-03-02,telefone,ativa,sem_sucesso,E-mail devolvido; necessário validar o endereço antes de nova tentativa.
INT000091,PJ0031,2026-03-12,telefone,ativa,recusa_oferta,Cliente considerou a parcela acima da capacidade atual e recusou a oferta.
INT000093,PJ0032,2026-04-17,whatsapp,ativa,intencao_pagamento,Cliente reconheceu o débito e solicitou prazo curto para organizar o pagamento.
INT000095,PJ0033,2026-03-18,portal,ativa,sem_sucesso,Tentativa sem sucesso; telefone chamou e não houve atendimento.
INT000096,PJ0033,2026-04-06,email,ativa,intencao_pagamento,Representante confirmou intenção de pagamento após recebimento de cliente relevante.
INT000094,PJ0033,2026-04-24,telefone,ativa,sem_sucesso,E-mail devolvido; necessário validar o endereço antes de nova tentativa.
INT000100,PJ0034,2026-03-21,email,ativa,sem_sucesso,E-mail devolvido; necessário validar o endereço antes de nova tentativa.
INT000097,PJ0034,2026-05-13,whatsapp,ativa,sem_sucesso,E-mail devolvido; necessário validar o endereço antes de nova tentativa.
INT000098,PJ0034,2026-05-16,whatsapp,receptiva,recusa_oferta,Cliente considerou a parcela acima da capacidade atual e recusou a oferta.
INT000099,PJ0034,2026-05-18,telefone,receptiva,sem_sucesso,E-mail devolvido; necessário validar o endereço antes de nova tentativa.
INT000101,PJ0035,2026-01-18,portal,receptiva,dificuldade_temporaria,Empresa informou sazonalidade no caixa e pediu parcelas alinhadas aos recebíveis.
INT000104,PJ0035,2026-02-26,email,receptiva,sem_sucesso,E-mail devolvido; necessário validar o endereço antes de nova tentativa.
INT000102,PJ0035,2026-03-06,telefone,ativa,dificuldade_temporaria,Cliente relatou queda temporária de faturamento e interesse em parcelamento.
INT000103,PJ0035,2026-03-21,email,receptiva,dificuldade_temporaria,Empresa informou sazonalidade no caixa e pediu parcelas alinhadas aos recebíveis.
INT000108,PJ0036,2026-03-21,whatsapp,ativa,sem_sucesso,Tentativa sem sucesso; telefone chamou e não houve atendimento.
INT000106,PJ0036,2026-04-04,email,ativa,intencao_pagamento,Cliente reconheceu o débito e solicitou prazo curto para organizar o pagamento.
INT000105,PJ0036,2026-05-01,whatsapp,ativa,dificuldade_temporaria,Cliente relatou queda temporária de faturamento e interesse em parcelamento.
INT000107,PJ0036,2026-05-04,email,receptiva,sem_sucesso,"Mensagem enviada no canal autorizado, ainda sem retorno do representante."
INT000109,PJ0037,2026-04-01,portal,ativa,dificuldade_temporaria,Representante relatou atraso pontual de um comprador e solicitou nova condição.
INT000110,PJ0038,2025-11-20,telefone,ativa,intencao_pagamento,Representante confirmou intenção de pagamento após recebimento de cliente relevante.
INT000111,PJ0038,2026-01-01,email,ativa,recusa_oferta,Proposta apresentada não foi aceita; solicitado novo contato após revisão do caixa.
INT000112,PJ0038,2026-01-01,whatsapp,ativa,recusa_oferta,Cliente considerou a parcela acima da capacidade atual e recusou a oferta.
INT000114,PJ0039,2025-12-16,telefone,ativa,dificuldade_temporaria,Cliente relatou queda temporária de faturamento e interesse em parcelamento.
INT000113,PJ0039,2026-01-01,telefone,ativa,promessa_registrada,Cliente confirmou data e valor para pagamento parcial pelo portal.
INT000116,PJ0040,2026-02-25,whatsapp,ativa,intencao_pagamento,Empresa informou fluxo de caixa previsto e pediu envio das opções no portal.
INT000117,PJ0040,2026-03-13,whatsapp,ativa,intencao_pagamento,Empresa informou fluxo de caixa previsto e pediu envio das opções no portal.
INT000115,PJ0040,2026-03-25,telefone,ativa,sem_sucesso,E-mail devolvido; necessário validar o endereço antes de nova tentativa.
INT000118,PJ0040,2026-04-22,whatsapp,ativa,recusa_oferta,Cliente considerou a parcela acima da capacidade atual e recusou a oferta.
INT000120,PJ0041,2025-12-01,whatsapp,receptiva,sem_sucesso,E-mail devolvido; necessário validar o endereço antes de nova tentativa.
INT000122,PJ0041,2025-12-05,telefone,receptiva,recusa_oferta,Proposta apresentada não foi aceita; solicitado novo contato após revisão do caixa.
INT000119,PJ0041,2025-12-11,email,receptiva,intencao_pagamento,Representante confirmou intenção de pagamento após recebimento de cliente relevante.
INT000121,PJ0041,2025-12-17,telefone,ativa,sem_sucesso,"Mensagem enviada no canal autorizado, ainda sem retorno do representante."
INT000123,PJ0042,2026-05-14,whatsapp,ativa,recusa_oferta,Cliente considerou a parcela acima da capacidade atual e recusou a oferta.
INT000125,PJ0042,2026-05-17,whatsapp,ativa,intencao_pagamento,Cliente reconheceu o débito e solicitou prazo curto para organizar o pagamento.
INT000124,PJ0042,2026-05-23,whatsapp,ativa,promessa_registrada,Cliente confirmou data e valor para pagamento parcial pelo portal.
INT000126,PJ0042,2026-06-12,whatsapp,ativa,sem_sucesso,Tentativa sem sucesso; telefone chamou e não houve atendimento.
INT000129,PJ0043,2025-12-27,whatsapp,ativa,intencao_pagamento,Cliente reconheceu o débito e solicitou prazo curto para organizar o pagamento.
INT000127,PJ0043,2025-12-30,portal,ativa,dificuldade_temporaria,Representante relatou atraso pontual de um comprador e solicitou nova condição.
INT000128,PJ0043,2026-01-08,portal,ativa,intencao_pagamento,Representante confirmou intenção de pagamento após recebimento de cliente relevante.
INT000131,PJ0044,2026-01-14,whatsapp,ativa,dificuldade_temporaria,Representante relatou atraso pontual de um comprador e solicitou nova condição.
INT000130,PJ0044,2026-01-20,telefone,ativa,promessa_registrada,"Promessa de pagamento registrada para os próximos dias, aguardando acompanhamento."
INT000132,PJ0045,2026-05-13,email,ativa,dificuldade_temporaria,Cliente relatou queda temporária de faturamento e interesse em parcelamento.
INT000135,PJ0046,2026-02-10,portal,receptiva,recusa_oferta,Cliente considerou a parcela acima da capacidade atual e recusou a oferta.
INT000134,PJ0046,2026-02-21,whatsapp,receptiva,sem_sucesso,"Mensagem enviada no canal autorizado, ainda sem retorno do representante."
INT000133,PJ0046,2026-03-23,whatsapp,ativa,recusa_oferta,Proposta apresentada não foi aceita; solicitado novo contato após revisão do caixa.
INT000136,PJ0047,2026-01-13,whatsapp,receptiva,intencao_pagamento,Representante confirmou intenção de pagamento após recebimento de cliente relevante.
INT000137,PJ0048,2026-05-20,whatsapp,receptiva,sem_sucesso,"Mensagem enviada no canal autorizado, ainda sem retorno do representante."
INT000138,PJ0049,2026-05-26,telefone,ativa,dificuldade_temporaria,Cliente relatou queda temporária de faturamento e interesse em parcelamento.
INT000140,PJ0050,2026-02-26,whatsapp,ativa,promessa_registrada,"Promessa de pagamento registrada para os próximos dias, aguardando acompanhamento."
INT000142,PJ0050,2026-03-29,whatsapp,ativa,promessa_registrada,"Promessa de pagamento registrada para os próximos dias, aguardando acompanhamento."
INT000139,PJ0050,2026-03-31,email,ativa,intencao_pagamento,Representante confirmou intenção de pagamento após recebimento de cliente relevante.
INT000141,PJ0050,2026-04-04,telefone,ativa,promessa_registrada,Cliente confirmou data e valor para pagamento parcial pelo portal.
INT000143,PJ0051,2026-03-03,whatsapp,ativa,intencao_pagamento,Empresa informou fluxo de caixa previsto e pediu envio das opções no portal.
INT000144,PJ0052,2026-03-14,telefone,ativa,dificuldade_temporaria,Representante relatou atraso pontual de um comprador e solicitou nova condição.
INT000146,PJ0052,2026-03-15,email,ativa,intencao_pagamento,Representante confirmou intenção de pagamento após recebimento de cliente relevante.
INT000148,PJ0052,2026-03-17,portal,receptiva,promessa_registrada,Cliente confirmou data e valor para pagamento parcial pelo portal.
INT000147,PJ0052,2026-04-11,email,receptiva,dificuldade_temporaria,Empresa informou sazonalidade no caixa e pediu parcelas alinhadas aos recebíveis.
INT000145,PJ0052,2026-05-15,whatsapp,ativa,dificuldade_temporaria,Cliente relatou queda temporária de faturamento e interesse em parcelamento.
INT000150,PJ0053,2025-11-20,telefone,receptiva,sem_sucesso,E-mail devolvido; necessário validar o endereço antes de nova tentativa.
INT000151,PJ0053,2025-12-08,portal,ativa,intencao_pagamento,Cliente reconheceu o débito e solicitou prazo curto para organizar o pagamento.
INT000149,PJ0053,2025-12-24,telefone,ativa,promessa_registrada,Cliente confirmou data e valor para pagamento parcial pelo portal.
INT000152,PJ0053,2026-01-08,email,ativa,dificuldade_temporaria,Cliente relatou queda temporária de faturamento e interesse em parcelamento.
INT000153,PJ0054,2025-11-19,whatsapp,ativa,recusa_oferta,Cliente considerou a parcela acima da capacidade atual e recusou a oferta.
INT000157,PJ0054,2025-12-20,whatsapp,ativa,recusa_oferta,Cliente considerou a parcela acima da capacidade atual e recusou a oferta.
INT000156,PJ0054,2025-12-28,email,ativa,sem_sucesso,E-mail devolvido; necessário validar o endereço antes de nova tentativa.
INT000155,PJ0054,2025-12-30,whatsapp,receptiva,dificuldade_temporaria,Empresa informou sazonalidade no caixa e pediu parcelas alinhadas aos recebíveis.
INT000154,PJ0054,2026-01-18,email,ativa,intencao_pagamento,Empresa informou fluxo de caixa previsto e pediu envio das opções no portal.
INT000158,PJ0055,2025-12-15,whatsapp,receptiva,promessa_registrada,Cliente confirmou data e valor para pagamento parcial pelo portal.
INT000159,PJ0056,2026-05-03,whatsapp,ativa,sem_sucesso,E-mail devolvido; necessário validar o endereço antes de nova tentativa.
INT000160,PJ0056,2026-05-31,email,ativa,dificuldade_temporaria,Cliente relatou queda temporária de faturamento e interesse em parcelamento.
INT000161,PJ0057,2026-05-02,email,ativa,dificuldade_temporaria,Representante relatou atraso pontual de um comprador e solicitou nova condição.
INT000162,PJ0057,2026-05-05,portal,ativa,sem_sucesso,E-mail devolvido; necessário validar o endereço antes de nova tentativa.
INT000163,PJ0057,2026-06-08,portal,ativa,intencao_pagamento,Representante confirmou intenção de pagamento após recebimento de cliente relevante.
INT000164,PJ0057,2026-06-28,whatsapp,ativa,sem_sucesso,"Mensagem enviada no canal autorizado, ainda sem retorno do representante."
INT000165,PJ0058,2026-05-26,telefone,ativa,intencao_pagamento,Empresa informou fluxo de caixa previsto e pediu envio das opções no portal.
INT000166,PJ0058,2026-06-26,email,receptiva,intencao_pagamento,Empresa informou fluxo de caixa previsto e pediu envio das opções no portal.
INT000167,PJ0059,2025-11-14,portal,ativa,sem_sucesso,E-mail devolvido; necessário validar o endereço antes de nova tentativa.
INT000169,PJ0059,2025-11-28,portal,ativa,sem_sucesso,"Mensagem enviada no canal autorizado, ainda sem retorno do representante."
INT000168,PJ0059,2026-01-16,email,ativa,dificuldade_temporaria,Representante relatou atraso pontual de um comprador e solicitou nova condição.
INT000174,PJ0060,2026-04-14,whatsapp,ativa,promessa_registrada,Cliente confirmou data e valor para pagamento parcial pelo portal.
INT000172,PJ0060,2026-04-29,telefone,receptiva,dificuldade_temporaria,Cliente relatou queda temporária de faturamento e interesse em parcelamento.
INT000170,PJ0060,2026-04-30,telefone,ativa,intencao_pagamento,Cliente reconheceu o débito e solicitou prazo curto para organizar o pagamento.
INT000173,PJ0060,2026-05-05,telefone,ativa,sem_sucesso,"Mensagem enviada no canal autorizado, ainda sem retorno do representante."
INT000171,PJ0060,2026-05-11,email,ativa,dificuldade_temporaria,Representante relatou atraso pontual de um comprador e solicitou nova condição.
INT000177,PJ0061,2025-11-26,whatsapp,ativa,dificuldade_temporaria,Empresa informou sazonalidade no caixa e pediu parcelas alinhadas aos recebíveis.
INT000178,PJ0061,2025-12-01,email,ativa,promessa_registrada,Cliente confirmou data e valor para pagamento parcial pelo portal.
INT000176,PJ0061,2025-12-18,telefone,ativa,sem_sucesso,Tentativa sem sucesso; telefone chamou e não houve atendimento.
INT000175,PJ0061,2025-12-26,email,receptiva,sem_sucesso,Tentativa sem sucesso; telefone chamou e não houve atendimento.
INT000179,PJ0061,2026-01-01,email,receptiva,intencao_pagamento,Representante confirmou intenção de pagamento após recebimento de cliente relevante.
INT000182,PJ0062,2026-03-10,telefone,ativa,sem_sucesso,E-mail devolvido; necessário validar o endereço antes de nova tentativa.
INT000181,PJ0062,2026-03-12,portal,ativa,sem_sucesso,"Mensagem enviada no canal autorizado, ainda sem retorno do representante."
INT000180,PJ0062,2026-04-29,portal,receptiva,intencao_pagamento,Empresa informou fluxo de caixa previsto e pediu envio das opções no portal.
INT000183,PJ0063,2026-04-22,whatsapp,ativa,intencao_pagamento,Representante confirmou intenção de pagamento após recebimento de cliente relevante.
INT000184,PJ0064,2025-12-22,telefone,receptiva,intencao_pagamento,Representante confirmou intenção de pagamento após recebimento de cliente relevante.
INT000185,PJ0064,2026-01-20,whatsapp,ativa,sem_sucesso,E-mail devolvido; necessário validar o endereço antes de nova tentativa.
INT000187,PJ0064,2026-01-25,whatsapp,ativa,intencao_pagamento,Cliente reconheceu o débito e solicitou prazo curto para organizar o pagamento.
INT000186,PJ0064,2026-01-26,telefone,ativa,sem_sucesso,"Mensagem enviada no canal autorizado, ainda sem retorno do representante."
INT000188,PJ0065,2026-01-12,telefone,ativa,recuperacao_judicial,Representante informou processo de recuperação judicial; caso requer equipe especializada.
INT000189,PJ0066,2025-12-02,email,receptiva,intencao_pagamento,Cliente reconheceu o débito e solicitou prazo curto para organizar o pagamento.
INT000190,PJ0066,2025-12-31,whatsapp,ativa,intencao_pagamento,Cliente reconheceu o débito e solicitou prazo curto para organizar o pagamento.
INT000193,PJ0067,2025-12-25,email,ativa,intencao_pagamento,Representante confirmou intenção de pagamento após recebimento de cliente relevante.
INT000192,PJ0067,2026-01-09,whatsapp,ativa,sem_sucesso,E-mail devolvido; necessário validar o endereço antes de nova tentativa.
INT000191,PJ0067,2026-02-21,telefone,ativa,intencao_pagamento,Representante confirmou intenção de pagamento após recebimento de cliente relevante.
INT000197,PJ0068,2025-12-07,email,receptiva,dificuldade_temporaria,Empresa informou sazonalidade no caixa e pediu parcelas alinhadas aos recebíveis.
INT000198,PJ0068,2026-01-07,telefone,ativa,sem_sucesso,E-mail devolvido; necessário validar o endereço antes de nova tentativa.
INT000196,PJ0068,2026-01-11,portal,ativa,sem_sucesso,E-mail devolvido; necessário validar o endereço antes de nova tentativa.
INT000195,PJ0068,2026-01-19,whatsapp,ativa,sem_sucesso,Tentativa sem sucesso; telefone chamou e não houve atendimento.
INT000194,PJ0068,2026-01-25,telefone,ativa,dificuldade_temporaria,Empresa informou sazonalidade no caixa e pediu parcelas alinhadas aos recebíveis.
INT000201,PJ0069,2026-02-04,telefone,ativa,promessa_registrada,"Promessa de pagamento registrada para os próximos dias, aguardando acompanhamento."
INT000200,PJ0069,2026-02-05,whatsapp,ativa,dificuldade_temporaria,Cliente relatou queda temporária de faturamento e interesse em parcelamento.
INT000202,PJ0069,2026-02-18,telefone,ativa,promessa_registrada,"Promessa de pagamento registrada para os próximos dias, aguardando acompanhamento."
INT000199,PJ0069,2026-03-24,email,ativa,sem_sucesso,E-mail devolvido; necessário validar o endereço antes de nova tentativa.
INT000203,PJ0070,2026-03-22,telefone,ativa,promessa_registrada,Cliente confirmou data e valor para pagamento parcial pelo portal.
INT000204,PJ0071,2026-01-05,portal,ativa,sem_sucesso,E-mail devolvido; necessário validar o endereço antes de nova tentativa.
INT000207,PJ0071,2026-01-14,telefone,ativa,sem_sucesso,E-mail devolvido; necessário validar o endereço antes de nova tentativa.
INT000206,PJ0071,2026-01-21,whatsapp,receptiva,promessa_registrada,Cliente confirmou data e valor para pagamento parcial pelo portal.
INT000208,PJ0071,2026-02-05,telefone,ativa,promessa_registrada,Cliente confirmou data e valor para pagamento parcial pelo portal.
INT000205,PJ0071,2026-02-21,portal,ativa,promessa_registrada,Cliente confirmou data e valor para pagamento parcial pelo portal.
INT000209,PJ0072,2025-12-12,whatsapp,ativa,sem_sucesso,"Mensagem enviada no canal autorizado, ainda sem retorno do representante."
INT000210,PJ0072,2025-12-15,telefone,ativa,intencao_pagamento,Cliente reconheceu o débito e solicitou prazo curto para organizar o pagamento.
INT000211,PJ0072,2026-01-02,telefone,receptiva,dificuldade_temporaria,Cliente relatou queda temporária de faturamento e interesse em parcelamento.
INT000213,PJ0072,2026-01-05,telefone,ativa,dificuldade_temporaria,Empresa informou sazonalidade no caixa e pediu parcelas alinhadas aos recebíveis.
INT000212,PJ0072,2026-01-22,whatsapp,ativa,dificuldade_temporaria,Representante relatou atraso pontual de um comprador e solicitou nova condição.
INT000214,PJ0073,2025-12-05,email,ativa,intencao_pagamento,Representante confirmou intenção de pagamento após recebimento de cliente relevante.
INT000215,PJ0074,2026-04-23,email,ativa,sem_sucesso,"Mensagem enviada no canal autorizado, ainda sem retorno do representante."
INT000220,PJ0075,2026-03-11,telefone,ativa,sem_sucesso,"Mensagem enviada no canal autorizado, ainda sem retorno do representante."
INT000218,PJ0075,2026-03-18,whatsapp,ativa,contestacao,Cliente informou divergência no saldo; negociação interrompida para análise.
INT000217,PJ0075,2026-04-05,whatsapp,ativa,promessa_registrada,"Promessa de pagamento registrada para os próximos dias, aguardando acompanhamento."
INT000216,PJ0075,2026-04-17,whatsapp,ativa,sem_sucesso,Tentativa sem sucesso; telefone chamou e não houve atendimento.
INT000219,PJ0075,2026-04-29,portal,receptiva,intencao_pagamento,Representante confirmou intenção de pagamento após recebimento de cliente relevante.
INT000221,PJ0076,2026-04-18,email,ativa,intencao_pagamento,Cliente reconheceu o débito e solicitou prazo curto para organizar o pagamento.
INT000223,PJ0077,2026-03-04,whatsapp,receptiva,intencao_pagamento,Cliente reconheceu o débito e solicitou prazo curto para organizar o pagamento.
INT000222,PJ0077,2026-04-20,telefone,ativa,sem_sucesso,E-mail devolvido; necessário validar o endereço antes de nova tentativa.
INT000224,PJ0078,2026-05-19,email,receptiva,intencao_pagamento,Representante confirmou intenção de pagamento após recebimento de cliente relevante.
INT000225,PJ0079,2026-06-26,whatsapp,receptiva,sem_sucesso,Tentativa sem sucesso; telefone chamou e não houve atendimento.
INT000226,PJ0080,2026-05-15,email,ativa,sem_sucesso,Tentativa sem sucesso; telefone chamou e não houve atendimento.
INT000229,PJ0081,2026-01-23,whatsapp,ativa,dificuldade_temporaria,Representante relatou atraso pontual de um comprador e solicitou nova condição.
INT000227,PJ0081,2026-01-30,telefone,ativa,dificuldade_temporaria,Representante relatou atraso pontual de um comprador e solicitou nova condição.
INT000228,PJ0081,2026-02-14,whatsapp,ativa,sem_sucesso,"Mensagem enviada no canal autorizado, ainda sem retorno do representante."
INT000231,PJ0082,2026-02-19,portal,ativa,promessa_registrada,Cliente confirmou data e valor para pagamento parcial pelo portal.
INT000232,PJ0082,2026-03-12,whatsapp,ativa,intencao_pagamento,Cliente reconheceu o débito e solicitou prazo curto para organizar o pagamento.
INT000230,PJ0082,2026-04-03,whatsapp,ativa,sem_sucesso,Tentativa sem sucesso; telefone chamou e não houve atendimento.
INT000233,PJ0082,2026-04-24,telefone,ativa,sem_sucesso,"Mensagem enviada no canal autorizado, ainda sem retorno do representante."
INT000234,PJ0083,2026-03-21,telefone,ativa,dificuldade_temporaria,Empresa informou sazonalidade no caixa e pediu parcelas alinhadas aos recebíveis.
INT000237,PJ0083,2026-04-28,whatsapp,receptiva,dificuldade_temporaria,Representante relatou atraso pontual de um comprador e solicitou nova condição.
INT000235,PJ0083,2026-05-01,email,ativa,promessa_registrada,"Promessa de pagamento registrada para os próximos dias, aguardando acompanhamento."
INT000236,PJ0083,2026-05-13,whatsapp,ativa,sem_sucesso,Tentativa sem sucesso; telefone chamou e não houve atendimento.
INT000238,PJ0083,2026-05-16,telefone,ativa,sem_sucesso,Tentativa sem sucesso; telefone chamou e não houve atendimento.
INT000239,PJ0084,2026-01-10,email,ativa,recuperacao_judicial,Representante informou processo de recuperação judicial; caso requer equipe especializada.
INT000243,PJ0085,2026-03-02,whatsapp,ativa,dificuldade_temporaria,Representante relatou atraso pontual de um comprador e solicitou nova condição.
INT000240,PJ0085,2026-03-12,portal,receptiva,sem_sucesso,"Mensagem enviada no canal autorizado, ainda sem retorno do representante."
INT000242,PJ0085,2026-03-16,whatsapp,ativa,sem_sucesso,Tentativa sem sucesso; telefone chamou e não houve atendimento.
INT000241,PJ0085,2026-03-17,telefone,receptiva,intencao_pagamento,Representante confirmou intenção de pagamento após recebimento de cliente relevante.
INT000245,PJ0086,2025-12-18,portal,receptiva,sem_sucesso,"Mensagem enviada no canal autorizado, ainda sem retorno do representante."
INT000244,PJ0086,2025-12-24,email,receptiva,sem_sucesso,"Mensagem enviada no canal autorizado, ainda sem retorno do representante."
INT000247,PJ0086,2025-12-26,portal,ativa,dificuldade_temporaria,Representante relatou atraso pontual de um comprador e solicitou nova condição.
INT000246,PJ0086,2026-01-10,telefone,ativa,sem_sucesso,Tentativa sem sucesso; telefone chamou e não houve atendimento.
INT000248,PJ0087,2026-02-16,whatsapp,receptiva,recusa_oferta,Proposta apresentada não foi aceita; solicitado novo contato após revisão do caixa.
INT000252,PJ0088,2026-03-13,telefone,receptiva,sem_sucesso,"Mensagem enviada no canal autorizado, ainda sem retorno do representante."
INT000249,PJ0088,2026-03-23,portal,receptiva,sem_sucesso,E-mail devolvido; necessário validar o endereço antes de nova tentativa.
INT000251,PJ0088,2026-04-10,telefone,ativa,sem_sucesso,E-mail devolvido; necessário validar o endereço antes de nova tentativa.
INT000250,PJ0088,2026-04-16,telefone,ativa,sem_sucesso,Tentativa sem sucesso; telefone chamou e não houve atendimento.
INT000253,PJ0089,2026-02-10,email,ativa,sem_sucesso,"Mensagem enviada no canal autorizado, ainda sem retorno do representante."
INT000254,PJ0090,2026-05-16,telefone,ativa,sem_sucesso,"Mensagem enviada no canal autorizado, ainda sem retorno do representante."
INT000255,PJ0090,2026-05-18,telefone,receptiva,intencao_pagamento,Cliente reconheceu o débito e solicitou prazo curto para organizar o pagamento.
INT000256,PJ0090,2026-05-23,portal,ativa,promessa_registrada,Cliente confirmou data e valor para pagamento parcial pelo portal.
INT000257,PJ0091,2026-02-18,whatsapp,ativa,recusa_oferta,Cliente considerou a parcela acima da capacidade atual e recusou a oferta.
INT000261,PJ0091,2026-02-20,telefone,ativa,intencao_pagamento,Representante confirmou intenção de pagamento após recebimento de cliente relevante.
INT000260,PJ0091,2026-03-23,portal,ativa,dificuldade_temporaria,Empresa informou sazonalidade no caixa e pediu parcelas alinhadas aos recebíveis.
INT000258,PJ0091,2026-04-16,email,receptiva,promessa_registrada,"Promessa de pagamento registrada para os próximos dias, aguardando acompanhamento."
INT000259,PJ0091,2026-04-25,whatsapp,ativa,promessa_registrada,"Promessa de pagamento registrada para os próximos dias, aguardando acompanhamento."
INT000264,PJ0092,2025-12-15,whatsapp,ativa,promessa_registrada,"Promessa de pagamento registrada para os próximos dias, aguardando acompanhamento."
INT000262,PJ0092,2026-01-11,whatsapp,ativa,promessa_registrada,Cliente confirmou data e valor para pagamento parcial pelo portal.
INT000263,PJ0092,2026-01-22,whatsapp,ativa,sem_sucesso,E-mail devolvido; necessário validar o endereço antes de nova tentativa.
INT000265,PJ0093,2026-02-14,whatsapp,receptiva,promessa_registrada,"Promessa de pagamento registrada para os próximos dias, aguardando acompanhamento."
INT000267,PJ0093,2026-02-20,whatsapp,ativa,recusa_oferta,Cliente considerou a parcela acima da capacidade atual e recusou a oferta.
INT000266,PJ0093,2026-04-25,email,receptiva,sem_sucesso,E-mail devolvido; necessário validar o endereço antes de nova tentativa.
INT000268,PJ0093,2026-04-29,email,ativa,sem_sucesso,E-mail devolvido; necessário validar o endereço antes de nova tentativa.
INT000270,PJ0094,2026-02-16,email,ativa,sem_sucesso,"Mensagem enviada no canal autorizado, ainda sem retorno do representante."
INT000269,PJ0094,2026-02-25,email,receptiva,recusa_oferta,Cliente considerou a parcela acima da capacidade atual e recusou a oferta.
INT000271,PJ0094,2026-02-26,email,ativa,dificuldade_temporaria,Cliente relatou queda temporária de faturamento e interesse em parcelamento.
INT000273,PJ0094,2026-02-28,telefone,ativa,dificuldade_temporaria,Representante relatou atraso pontual de um comprador e solicitou nova condição.
INT000272,PJ0094,2026-04-05,telefone,receptiva,dificuldade_temporaria,Representante relatou atraso pontual de um comprador e solicitou nova condição.
INT000277,PJ0095,2026-05-01,whatsapp,ativa,sem_sucesso,E-mail devolvido; necessário validar o endereço antes de nova tentativa.
INT000274,PJ0095,2026-05-09,whatsapp,ativa,intencao_pagamento,Cliente reconheceu o débito e solicitou prazo curto para organizar o pagamento.
INT000276,PJ0095,2026-05-16,portal,ativa,dificuldade_temporaria,Empresa informou sazonalidade no caixa e pediu parcelas alinhadas aos recebíveis.
INT000275,PJ0095,2026-06-13,telefone,ativa,intencao_pagamento,Empresa informou fluxo de caixa previsto e pediu envio das opções no portal.
INT000278,PJ0096,2025-11-26,telefone,ativa,intencao_pagamento,Representante confirmou intenção de pagamento após recebimento de cliente relevante.
INT000279,PJ0096,2025-12-07,portal,ativa,sem_sucesso,"Mensagem enviada no canal autorizado, ainda sem retorno do representante."
INT000280,PJ0096,2025-12-23,whatsapp,ativa,dificuldade_temporaria,Cliente relatou queda temporária de faturamento e interesse em parcelamento.
INT000281,PJ0097,2025-12-14,whatsapp,ativa,promessa_registrada,"Promessa de pagamento registrada para os próximos dias, aguardando acompanhamento."
INT000282,PJ0098,2026-01-02,email,ativa,sem_sucesso,"Mensagem enviada no canal autorizado, ainda sem retorno do representante."
INT000283,PJ0098,2026-01-30,whatsapp,receptiva,promessa_registrada,Cliente confirmou data e valor para pagamento parcial pelo portal.
INT000285,PJ0099,2026-01-10,whatsapp,receptiva,dificuldade_temporaria,Representante relatou atraso pontual de um comprador e solicitou nova condição.
INT000286,PJ0099,2026-01-29,telefone,receptiva,intencao_pagamento,Empresa informou fluxo de caixa previsto e pediu envio das opções no portal.
INT000287,PJ0099,2026-02-09,portal,ativa,recusa_oferta,Cliente considerou a parcela acima da capacidade atual e recusou a oferta.
INT000284,PJ0099,2026-02-15,whatsapp,ativa,dificuldade_temporaria,Cliente relatou queda temporária de faturamento e interesse em parcelamento.
INT000289,PJ0100,2025-12-20,whatsapp,ativa,promessa_registrada,Cliente confirmou data e valor para pagamento parcial pelo portal.
INT000292,PJ0100,2025-12-25,telefone,ativa,intencao_pagamento,Cliente reconheceu o débito e solicitou prazo curto para organizar o pagamento.
INT000291,PJ0100,2026-01-06,telefone,ativa,sem_sucesso,"Mensagem enviada no canal autorizado, ainda sem retorno do representante."
INT000290,PJ0100,2026-01-23,telefone,ativa,sem_sucesso,Tentativa sem sucesso; telefone chamou e não houve atendimento.
INT000288,PJ0100,2026-02-13,whatsapp,ativa,promessa_registrada,"Promessa de pagamento registrada para os próximos dias, aguardando acompanhamento."
INT000294,PJ0101,2026-01-01,whatsapp,receptiva,promessa_registrada,"Promessa de pagamento registrada para os próximos dias, aguardando acompanhamento."
INT000295,PJ0101,2026-02-24,telefone,ativa,intencao_pagamento,Representante confirmou intenção de pagamento após recebimento de cliente relevante.
INT000293,PJ0101,2026-02-26,whatsapp,ativa,promessa_registrada,"Promessa de pagamento registrada para os próximos dias, aguardando acompanhamento."
INT000296,PJ0102,2026-03-28,whatsapp,ativa,contestacao,Cliente informou divergência no saldo; negociação interrompida para análise.
INT000297,PJ0103,2026-05-05,telefone,ativa,sem_sucesso,E-mail devolvido; necessário validar o endereço antes de nova tentativa.
INT000298,PJ0104,2026-03-03,telefone,ativa,sem_sucesso,Tentativa sem sucesso; telefone chamou e não houve atendimento.
INT000299,PJ0104,2026-03-20,whatsapp,ativa,promessa_registrada,"Promessa de pagamento registrada para os próximos dias, aguardando acompanhamento."
INT000302,PJ0104,2026-03-29,portal,ativa,dificuldade_temporaria,Empresa informou sazonalidade no caixa e pediu parcelas alinhadas aos recebíveis.
INT000300,PJ0104,2026-04-13,portal,receptiva,intencao_pagamento,Empresa informou fluxo de caixa previsto e pediu envio das opções no portal.
INT000301,PJ0104,2026-04-13,whatsapp,ativa,dificuldade_temporaria,Representante relatou atraso pontual de um comprador e solicitou nova condição.
INT000303,PJ0105,2026-01-18,email,ativa,promessa_registrada,"Promessa de pagamento registrada para os próximos dias, aguardando acompanhamento."
INT000304,PJ0105,2026-02-21,email,ativa,sem_sucesso,Tentativa sem sucesso; telefone chamou e não houve atendimento.
INT000305,PJ0105,2026-02-28,whatsapp,ativa,contestacao,Cliente informou divergência no saldo; negociação interrompida para análise.
INT000306,PJ0106,2026-01-03,telefone,ativa,promessa_registrada,"Promessa de pagamento registrada para os próximos dias, aguardando acompanhamento."
INT000307,PJ0106,2026-01-12,portal,receptiva,sem_sucesso,Tentativa sem sucesso; telefone chamou e não houve atendimento.
INT000310,PJ0107,2026-04-23,telefone,receptiva,intencao_pagamento,Representante confirmou intenção de pagamento após recebimento de cliente relevante.
INT000308,PJ0107,2026-05-13,telefone,ativa,recusa_oferta,Cliente considerou a parcela acima da capacidade atual e recusou a oferta.
INT000309,PJ0107,2026-06-18,telefone,ativa,sem_sucesso,"Mensagem enviada no canal autorizado, ainda sem retorno do representante."
INT000311,PJ0108,2026-05-12,telefone,receptiva,sem_sucesso,E-mail devolvido; necessário validar o endereço antes de nova tentativa.
INT000312,PJ0109,2025-12-11,whatsapp,ativa,promessa_registrada,Cliente confirmou data e valor para pagamento parcial pelo portal.
INT000313,PJ0109,2025-12-31,whatsapp,ativa,recusa_oferta,Proposta apresentada não foi aceita; solicitado novo contato após revisão do caixa.
INT000315,PJ0110,2026-01-12,email,receptiva,promessa_registrada,"Promessa de pagamento registrada para os próximos dias, aguardando acompanhamento."
INT000316,PJ0110,2026-01-30,telefone,ativa,promessa_registrada,"Promessa de pagamento registrada para os próximos dias, aguardando acompanhamento."
INT000314,PJ0110,2026-03-16,email,ativa,recusa_oferta,Proposta apresentada não foi aceita; solicitado novo contato após revisão do caixa.
INT000319,PJ0111,2026-04-19,telefone,ativa,promessa_registrada,Cliente confirmou data e valor para pagamento parcial pelo portal.
INT000318,PJ0111,2026-05-05,telefone,ativa,promessa_registrada,"Promessa de pagamento registrada para os próximos dias, aguardando acompanhamento."
INT000317,PJ0111,2026-06-21,whatsapp,ativa,dificuldade_temporaria,Representante relatou atraso pontual de um comprador e solicitou nova condição.
INT000322,PJ0112,2026-03-29,telefone,receptiva,sem_sucesso,"Mensagem enviada no canal autorizado, ainda sem retorno do representante."
INT000320,PJ0112,2026-04-07,email,ativa,sem_sucesso,Tentativa sem sucesso; telefone chamou e não houve atendimento.
INT000321,PJ0112,2026-04-09,whatsapp,ativa,intencao_pagamento,Empresa informou fluxo de caixa previsto e pediu envio das opções no portal.
INT000323,PJ0113,2026-03-21,telefone,ativa,promessa_registrada,Cliente confirmou data e valor para pagamento parcial pelo portal.
INT000324,PJ0113,2026-04-20,telefone,receptiva,sem_sucesso,"Mensagem enviada no canal autorizado, ainda sem retorno do representante."
INT000328,PJ0114,2026-03-14,portal,ativa,sem_sucesso,"Mensagem enviada no canal autorizado, ainda sem retorno do representante."
INT000325,PJ0114,2026-04-23,telefone,receptiva,intencao_pagamento,Empresa informou fluxo de caixa previsto e pediu envio das opções no portal.
INT000326,PJ0114,2026-04-25,telefone,ativa,recusa_oferta,Proposta apresentada não foi aceita; solicitado novo contato após revisão do caixa.
INT000329,PJ0114,2026-05-19,email,ativa,intencao_pagamento,Empresa informou fluxo de caixa previsto e pediu envio das opções no portal.
INT000327,PJ0114,2026-05-23,whatsapp,ativa,sem_sucesso,Tentativa sem sucesso; telefone chamou e não houve atendimento.
INT000333,PJ0115,2026-04-20,telefone,ativa,dificuldade_temporaria,Representante relatou atraso pontual de um comprador e solicitou nova condição.
INT000330,PJ0115,2026-05-10,portal,ativa,intencao_pagamento,Cliente reconheceu o débito e solicitou prazo curto para organizar o pagamento.
INT000332,PJ0115,2026-05-10,email,ativa,sem_sucesso,"Mensagem enviada no canal autorizado, ainda sem retorno do representante."
INT000331,PJ0115,2026-05-30,whatsapp,ativa,sem_sucesso,"Mensagem enviada no canal autorizado, ainda sem retorno do representante."
INT000334,PJ0116,2026-02-18,whatsapp,ativa,sem_sucesso,Tentativa sem sucesso; telefone chamou e não houve atendimento.
INT000337,PJ0116,2026-03-20,email,ativa,sem_sucesso,"Mensagem enviada no canal autorizado, ainda sem retorno do representante."
INT000336,PJ0116,2026-03-22,telefone,ativa,intencao_pagamento,Empresa informou fluxo de caixa previsto e pediu envio das opções no portal.
INT000335,PJ0116,2026-03-26,whatsapp,ativa,contestacao,Representante contestou o valor e solicitou validação do contrato antes de negociar.
INT000339,PJ0117,2026-02-13,telefone,ativa,sem_sucesso,Tentativa sem sucesso; telefone chamou e não houve atendimento.
INT000338,PJ0117,2026-02-18,whatsapp,ativa,sem_sucesso,"Mensagem enviada no canal autorizado, ainda sem retorno do representante."
INT000340,PJ0118,2025-12-29,email,ativa,intencao_pagamento,Representante confirmou intenção de pagamento após recebimento de cliente relevante.
INT000344,PJ0118,2026-01-11,email,ativa,intencao_pagamento,Empresa informou fluxo de caixa previsto e pediu envio das opções no portal.
INT000342,PJ0118,2026-02-10,whatsapp,ativa,sem_sucesso,"Mensagem enviada no canal autorizado, ainda sem retorno do representante."
INT000341,PJ0118,2026-02-17,portal,receptiva,sem_sucesso,E-mail devolvido; necessário validar o endereço antes de nova tentativa.
INT000343,PJ0118,2026-02-17,whatsapp,ativa,sem_sucesso,"Mensagem enviada no canal autorizado, ainda sem retorno do representante."
INT000345,PJ0119,2026-02-13,telefone,ativa,sem_sucesso,Tentativa sem sucesso; telefone chamou e não houve atendimento.
INT000346,PJ0120,2026-04-07,email,receptiva,promessa_registrada,"Promessa de pagamento registrada para os próximos dias, aguardando acompanhamento."
INT000348,PJ0121,2026-05-11,whatsapp,ativa,sem_sucesso,Tentativa sem sucesso; telefone chamou e não houve atendimento.
INT000347,PJ0121,2026-05-13,whatsapp,ativa,sem_sucesso,"Mensagem enviada no canal autorizado, ainda sem retorno do representante."
INT000350,PJ0122,2026-03-14,whatsapp,receptiva,sem_sucesso,"Mensagem enviada no canal autorizado, ainda sem retorno do representante."
INT000352,PJ0122,2026-03-15,telefone,receptiva,dificuldade_temporaria,Cliente relatou queda temporária de faturamento e interesse em parcelamento.
INT000349,PJ0122,2026-03-30,whatsapp,ativa,dificuldade_temporaria,Cliente relatou queda temporária de faturamento e interesse em parcelamento.
INT000351,PJ0122,2026-04-16,telefone,ativa,intencao_pagamento,Representante confirmou intenção de pagamento após recebimento de cliente relevante.
INT000355,PJ0123,2025-12-15,whatsapp,receptiva,sem_sucesso,Tentativa sem sucesso; telefone chamou e não houve atendimento.
INT000354,PJ0123,2025-12-20,whatsapp,ativa,intencao_pagamento,Cliente reconheceu o débito e solicitou prazo curto para organizar o pagamento.
INT000356,PJ0123,2026-01-09,whatsapp,ativa,sem_sucesso,E-mail devolvido; necessário validar o endereço antes de nova tentativa.
INT000353,PJ0123,2026-01-18,portal,receptiva,contestacao,Representante contestou o valor e solicitou validação do contrato antes de negociar.
INT000357,PJ0124,2025-12-30,email,ativa,intencao_pagamento,Representante confirmou intenção de pagamento após recebimento de cliente relevante.
INT000360,PJ0125,2025-12-09,telefone,receptiva,dificuldade_temporaria,Cliente relatou queda temporária de faturamento e interesse em parcelamento.
INT000359,PJ0125,2026-01-06,whatsapp,receptiva,intencao_pagamento,Empresa informou fluxo de caixa previsto e pediu envio das opções no portal.
INT000358,PJ0125,2026-01-20,telefone,ativa,dificuldade_temporaria,Cliente relatou queda temporária de faturamento e interesse em parcelamento.
INT000362,PJ0126,2026-03-19,whatsapp,ativa,promessa_registrada,"Promessa de pagamento registrada para os próximos dias, aguardando acompanhamento."
INT000361,PJ0126,2026-03-30,whatsapp,ativa,dificuldade_temporaria,Representante relatou atraso pontual de um comprador e solicitou nova condição.
INT000363,PJ0126,2026-04-24,email,ativa,promessa_registrada,Cliente confirmou data e valor para pagamento parcial pelo portal.
INT000364,PJ0127,2026-01-27,whatsapp,ativa,dificuldade_temporaria,Representante relatou atraso pontual de um comprador e solicitou nova condição.
INT000367,PJ0127,2026-02-10,whatsapp,ativa,recusa_oferta,Cliente considerou a parcela acima da capacidade atual e recusou a oferta.
INT000365,PJ0127,2026-02-19,whatsapp,ativa,sem_sucesso,E-mail devolvido; necessário validar o endereço antes de nova tentativa.
INT000366,PJ0127,2026-02-28,telefone,receptiva,recusa_oferta,Proposta apresentada não foi aceita; solicitado novo contato após revisão do caixa.
INT000369,PJ0128,2026-02-12,email,receptiva,dificuldade_temporaria,Empresa informou sazonalidade no caixa e pediu parcelas alinhadas aos recebíveis.
INT000368,PJ0128,2026-02-16,whatsapp,ativa,contestacao,Representante contestou o valor e solicitou validação do contrato antes de negociar.
INT000373,PJ0129,2026-03-11,email,ativa,sem_sucesso,Tentativa sem sucesso; telefone chamou e não houve atendimento.
INT000372,PJ0129,2026-04-15,whatsapp,ativa,promessa_registrada,Cliente confirmou data e valor para pagamento parcial pelo portal.
INT000371,PJ0129,2026-04-22,whatsapp,ativa,dificuldade_temporaria,Cliente relatou queda temporária de faturamento e interesse em parcelamento.
INT000374,PJ0129,2026-04-26,whatsapp,ativa,intencao_pagamento,Representante confirmou intenção de pagamento após recebimento de cliente relevante.
INT000370,PJ0129,2026-04-29,email,receptiva,promessa_registrada,"Promessa de pagamento registrada para os próximos dias, aguardando acompanhamento."
INT000376,PJ0130,2026-04-02,email,ativa,dificuldade_temporaria,Representante relatou atraso pontual de um comprador e solicitou nova condição.
INT000375,PJ0130,2026-05-18,telefone,ativa,recusa_oferta,Proposta apresentada não foi aceita; solicitado novo contato após revisão do caixa.
INT000377,PJ0131,2026-03-15,telefone,ativa,dificuldade_temporaria,Empresa informou sazonalidade no caixa e pediu parcelas alinhadas aos recebíveis.
INT000381,PJ0132,2026-04-19,whatsapp,ativa,recusa_oferta,Proposta apresentada não foi aceita; solicitado novo contato após revisão do caixa.
INT000380,PJ0132,2026-05-13,whatsapp,ativa,intencao_pagamento,Representante confirmou intenção de pagamento após recebimento de cliente relevante.
INT000378,PJ0132,2026-05-27,telefone,receptiva,contestacao,Representante contestou o valor e solicitou validação do contrato antes de negociar.
INT000382,PJ0132,2026-06-09,email,ativa,promessa_registrada,Cliente confirmou data e valor para pagamento parcial pelo portal.
INT000379,PJ0132,2026-06-18,whatsapp,receptiva,contestacao,Cliente informou divergência no saldo; negociação interrompida para análise.
INT000383,PJ0133,2026-02-17,email,ativa,recusa_oferta,Proposta apresentada não foi aceita; solicitado novo contato após revisão do caixa.
INT000384,PJ0134,2026-02-06,whatsapp,ativa,dificuldade_temporaria,Empresa informou sazonalidade no caixa e pediu parcelas alinhadas aos recebíveis.
INT000385,PJ0134,2026-02-11,email,receptiva,sem_sucesso,Tentativa sem sucesso; telefone chamou e não houve atendimento.
INT000389,PJ0135,2026-05-05,whatsapp,ativa,recusa_oferta,Proposta apresentada não foi aceita; solicitado novo contato após revisão do caixa.
INT000387,PJ0135,2026-05-13,telefone,receptiva,contestacao,Representante contestou o valor e solicitou validação do contrato antes de negociar.
INT000386,PJ0135,2026-06-06,whatsapp,ativa,dificuldade_temporaria,Cliente relatou queda temporária de faturamento e interesse em parcelamento.
INT000388,PJ0135,2026-06-15,telefone,receptiva,intencao_pagamento,Representante confirmou intenção de pagamento após recebimento de cliente relevante.
INT000390,PJ0135,2026-06-20,email,ativa,intencao_pagamento,Empresa informou fluxo de caixa previsto e pediu envio das opções no portal.
INT000393,PJ0136,2026-01-28,email,ativa,recusa_oferta,Cliente considerou a parcela acima da capacidade atual e recusou a oferta.
INT000392,PJ0136,2026-03-09,portal,ativa,sem_sucesso,Tentativa sem sucesso; telefone chamou e não houve atendimento.
INT000391,PJ0136,2026-03-23,telefone,ativa,recusa_oferta,Cliente considerou a parcela acima da capacidade atual e recusou a oferta.
INT000396,PJ0137,2026-03-06,email,ativa,promessa_registrada,"Promessa de pagamento registrada para os próximos dias, aguardando acompanhamento."
INT000395,PJ0137,2026-03-18,email,ativa,sem_sucesso,"Mensagem enviada no canal autorizado, ainda sem retorno do representante."
INT000394,PJ0137,2026-03-19,portal,receptiva,sem_sucesso,"Mensagem enviada no canal autorizado, ainda sem retorno do representante."
INT000398,PJ0138,2026-04-30,whatsapp,receptiva,sem_sucesso,E-mail devolvido; necessário validar o endereço antes de nova tentativa.
INT000397,PJ0138,2026-06-13,telefone,ativa,intencao_pagamento,Empresa informou fluxo de caixa previsto e pediu envio das opções no portal.
INT000399,PJ0139,2026-05-06,telefone,ativa,contestacao,Cliente informou divergência no saldo; negociação interrompida para análise.
INT000400,PJ0140,2026-05-08,telefone,ativa,promessa_registrada,"Promessa de pagamento registrada para os próximos dias, aguardando acompanhamento."
INT000401,PJ0140,2026-05-18,email,ativa,intencao_pagamento,Cliente reconheceu o débito e solicitou prazo curto para organizar o pagamento.
INT000402,PJ0140,2026-05-24,telefone,ativa,intencao_pagamento,Representante confirmou intenção de pagamento após recebimento de cliente relevante.
INT000403,PJ0140,2026-06-28,telefone,ativa,dificuldade_temporaria,Representante relatou atraso pontual de um comprador e solicitou nova condição.
INT000405,PJ0141,2025-12-23,telefone,receptiva,promessa_registrada,Cliente confirmou data e valor para pagamento parcial pelo portal.
INT000404,PJ0141,2026-01-21,whatsapp,ativa,intencao_pagamento,Empresa informou fluxo de caixa previsto e pediu envio das opções no portal.
INT000406,PJ0142,2026-04-18,whatsapp,ativa,sem_sucesso,E-mail devolvido; necessário validar o endereço antes de nova tentativa.
INT000407,PJ0142,2026-05-09,whatsapp,ativa,dificuldade_temporaria,Cliente relatou queda temporária de faturamento e interesse em parcelamento.
INT000408,PJ0142,2026-06-05,whatsapp,ativa,dificuldade_temporaria,Representante relatou atraso pontual de um comprador e solicitou nova condição.
INT000412,PJ0143,2026-02-02,email,ativa,sem_sucesso,E-mail devolvido; necessário validar o endereço antes de nova tentativa.
INT000409,PJ0143,2026-02-05,whatsapp,receptiva,promessa_registrada,"Promessa de pagamento registrada para os próximos dias, aguardando acompanhamento."
INT000410,PJ0143,2026-02-19,email,ativa,sem_sucesso,"Mensagem enviada no canal autorizado, ainda sem retorno do representante."
INT000411,PJ0143,2026-03-22,telefone,ativa,sem_sucesso,"Mensagem enviada no canal autorizado, ainda sem retorno do representante."
INT000415,PJ0144,2026-03-21,email,receptiva,sem_sucesso,Tentativa sem sucesso; telefone chamou e não houve atendimento.
INT000413,PJ0144,2026-04-03,telefone,ativa,intencao_pagamento,Cliente reconheceu o débito e solicitou prazo curto para organizar o pagamento.
INT000416,PJ0144,2026-05-06,telefone,receptiva,sem_sucesso,"Mensagem enviada no canal autorizado, ainda sem retorno do representante."
INT000414,PJ0144,2026-05-10,telefone,ativa,intencao_pagamento,Cliente reconheceu o débito e solicitou prazo curto para organizar o pagamento.
INT000417,PJ0145,2026-01-22,whatsapp,ativa,dificuldade_temporaria,Cliente relatou queda temporária de faturamento e interesse em parcelamento.
INT000418,PJ0145,2026-01-23,portal,receptiva,sem_sucesso,E-mail devolvido; necessário validar o endereço antes de nova tentativa.
INT000420,PJ0146,2025-12-13,telefone,ativa,contestacao,Cliente informou divergência no saldo; negociação interrompida para análise.
INT000419,PJ0146,2025-12-30,whatsapp,ativa,sem_sucesso,"Mensagem enviada no canal autorizado, ainda sem retorno do representante."
INT000422,PJ0147,2026-05-08,portal,ativa,intencao_pagamento,Representante confirmou intenção de pagamento após recebimento de cliente relevante.
INT000421,PJ0147,2026-05-17,whatsapp,ativa,sem_sucesso,E-mail devolvido; necessário validar o endereço antes de nova tentativa.
INT000426,PJ0148,2026-03-31,telefone,ativa,sem_sucesso,"Mensagem enviada no canal autorizado, ainda sem retorno do representante."
INT000424,PJ0148,2026-05-01,email,ativa,contestacao,Cliente informou divergência no saldo; negociação interrompida para análise.
INT000423,PJ0148,2026-05-03,whatsapp,ativa,dificuldade_temporaria,Empresa informou sazonalidade no caixa e pediu parcelas alinhadas aos recebíveis.
INT000425,PJ0148,2026-05-26,whatsapp,ativa,promessa_registrada,"Promessa de pagamento registrada para os próximos dias, aguardando acompanhamento."
INT000429,PJ0149,2025-12-30,whatsapp,ativa,sem_sucesso,E-mail devolvido; necessário validar o endereço antes de nova tentativa.
INT000427,PJ0149,2026-01-06,portal,ativa,contestacao,Cliente informou divergência no saldo; negociação interrompida para análise.
INT000428,PJ0149,2026-01-13,email,ativa,dificuldade_temporaria,Representante relatou atraso pontual de um comprador e solicitou nova condição.
INT000430,PJ0150,2026-01-02,telefone,ativa,intencao_pagamento,Empresa informou fluxo de caixa previsto e pediu envio das opções no portal.
INT000433,PJ0150,2026-01-15,email,receptiva,sem_sucesso,Tentativa sem sucesso; telefone chamou e não houve atendimento.
INT000431,PJ0150,2026-02-04,email,ativa,promessa_registrada,Cliente confirmou data e valor para pagamento parcial pelo portal.
INT000432,PJ0150,2026-02-24,email,ativa,recusa_oferta,Cliente considerou a parcela acima da capacidade atual e recusou a oferta.
INT000435,PJ0151,2026-03-14,whatsapp,ativa,sem_sucesso,E-mail devolvido; necessário validar o endereço antes de nova tentativa.
INT000437,PJ0151,2026-04-26,whatsapp,receptiva,sem_sucesso,Tentativa sem sucesso; telefone chamou e não houve atendimento.
INT000436,PJ0151,2026-04-29,whatsapp,ativa,dificuldade_temporaria,Empresa informou sazonalidade no caixa e pediu parcelas alinhadas aos recebíveis.
INT000434,PJ0151,2026-05-22,whatsapp,ativa,intencao_pagamento,Cliente reconheceu o débito e solicitou prazo curto para organizar o pagamento.
INT000438,PJ0151,2026-05-24,whatsapp,ativa,contestacao,Cliente informou divergência no saldo; negociação interrompida para análise.
INT000439,PJ0152,2025-11-28,email,ativa,intencao_pagamento,Cliente reconheceu o débito e solicitou prazo curto para organizar o pagamento.
INT000440,PJ0152,2025-12-31,portal,receptiva,promessa_registrada,"Promessa de pagamento registrada para os próximos dias, aguardando acompanhamento."
INT000441,PJ0152,2026-01-23,telefone,ativa,intencao_pagamento,Representante confirmou intenção de pagamento após recebimento de cliente relevante.
INT000442,PJ0153,2026-05-25,email,ativa,sem_sucesso,"Mensagem enviada no canal autorizado, ainda sem retorno do representante."
INT000444,PJ0154,2026-01-21,whatsapp,ativa,intencao_pagamento,Representante confirmou intenção de pagamento após recebimento de cliente relevante.
INT000443,PJ0154,2026-01-25,telefone,ativa,recusa_oferta,Proposta apresentada não foi aceita; solicitado novo contato após revisão do caixa.
INT000448,PJ0155,2026-01-31,portal,ativa,intencao_pagamento,Representante confirmou intenção de pagamento após recebimento de cliente relevante.
INT000446,PJ0155,2026-02-19,whatsapp,receptiva,contestacao,Representante contestou o valor e solicitou validação do contrato antes de negociar.
INT000447,PJ0155,2026-02-27,email,ativa,sem_sucesso,Tentativa sem sucesso; telefone chamou e não houve atendimento.
INT000445,PJ0155,2026-03-03,email,ativa,sem_sucesso,E-mail devolvido; necessário validar o endereço antes de nova tentativa.
INT000449,PJ0155,2026-03-09,email,ativa,intencao_pagamento,Representante confirmou intenção de pagamento após recebimento de cliente relevante.
INT000450,PJ0156,2026-04-04,telefone,ativa,intencao_pagamento,Empresa informou fluxo de caixa previsto e pediu envio das opções no portal.
INT000451,PJ0156,2026-04-25,telefone,ativa,intencao_pagamento,Empresa informou fluxo de caixa previsto e pediu envio das opções no portal.
INT000456,PJ0157,2026-02-22,portal,ativa,intencao_pagamento,Representante confirmou intenção de pagamento após recebimento de cliente relevante.
INT000452,PJ0157,2026-03-13,whatsapp,receptiva,dificuldade_temporaria,Empresa informou sazonalidade no caixa e pediu parcelas alinhadas aos recebíveis.
INT000455,PJ0157,2026-03-15,telefone,ativa,promessa_registrada,"Promessa de pagamento registrada para os próximos dias, aguardando acompanhamento."
INT000454,PJ0157,2026-03-22,telefone,ativa,intencao_pagamento,Empresa informou fluxo de caixa previsto e pediu envio das opções no portal.
INT000453,PJ0157,2026-03-23,telefone,receptiva,sem_sucesso,"Mensagem enviada no canal autorizado, ainda sem retorno do representante."
INT000457,PJ0158,2026-03-23,whatsapp,ativa,sem_sucesso,E-mail devolvido; necessário validar o endereço antes de nova tentativa.
INT000460,PJ0159,2026-04-24,email,ativa,dificuldade_temporaria,Cliente relatou queda temporária de faturamento e interesse em parcelamento.
INT000459,PJ0159,2026-05-02,email,receptiva,sem_sucesso,Tentativa sem sucesso; telefone chamou e não houve atendimento.
INT000462,PJ0159,2026-05-11,telefone,ativa,sem_sucesso,E-mail devolvido; necessário validar o endereço antes de nova tentativa.
INT000458,PJ0159,2026-06-24,whatsapp,receptiva,recusa_oferta,Cliente considerou a parcela acima da capacidade atual e recusou a oferta.
INT000461,PJ0159,2026-06-26,whatsapp,ativa,intencao_pagamento,Representante confirmou intenção de pagamento após recebimento de cliente relevante.
INT000464,PJ0160,2026-02-16,whatsapp,ativa,sem_sucesso,"Mensagem enviada no canal autorizado, ainda sem retorno do representante."
INT000463,PJ0160,2026-02-20,telefone,ativa,contestacao,Cliente informou divergência no saldo; negociação interrompida para análise.
INT000465,PJ0161,2026-02-24,telefone,ativa,contestacao,Representante contestou o valor e solicitou validação do contrato antes de negociar.
INT000467,PJ0161,2026-03-13,telefone,receptiva,recusa_oferta,Proposta apresentada não foi aceita; solicitado novo contato após revisão do caixa.
INT000468,PJ0161,2026-04-12,whatsapp,receptiva,intencao_pagamento,Representante confirmou intenção de pagamento após recebimento de cliente relevante.
INT000466,PJ0161,2026-04-19,whatsapp,ativa,intencao_pagamento,Representante confirmou intenção de pagamento após recebimento de cliente relevante.
INT000471,PJ0162,2026-01-18,whatsapp,ativa,intencao_pagamento,Empresa informou fluxo de caixa previsto e pediu envio das opções no portal.
INT000472,PJ0162,2026-01-25,whatsapp,ativa,intencao_pagamento,Empresa informou fluxo de caixa previsto e pediu envio das opções no portal.
INT000469,PJ0162,2026-01-27,whatsapp,receptiva,sem_sucesso,E-mail devolvido; necessário validar o endereço antes de nova tentativa.
INT000470,PJ0162,2026-02-14,whatsapp,receptiva,sem_sucesso,Tentativa sem sucesso; telefone chamou e não houve atendimento.
INT000473,PJ0162,2026-03-24,email,ativa,dificuldade_temporaria,Empresa informou sazonalidade no caixa e pediu parcelas alinhadas aos recebíveis.
INT000474,PJ0163,2026-03-25,whatsapp,ativa,promessa_registrada,Cliente confirmou data e valor para pagamento parcial pelo portal.
INT000478,PJ0164,2026-03-05,whatsapp,ativa,dificuldade_temporaria,Representante relatou atraso pontual de um comprador e solicitou nova condição.
INT000477,PJ0164,2026-03-27,portal,receptiva,promessa_registrada,Cliente confirmou data e valor para pagamento parcial pelo portal.
INT000476,PJ0164,2026-04-18,portal,ativa,recusa_oferta,Cliente considerou a parcela acima da capacidade atual e recusou a oferta.
INT000475,PJ0164,2026-04-24,email,ativa,contestacao,Representante contestou o valor e solicitou validação do contrato antes de negociar.
INT000482,PJ0165,2026-03-21,telefone,ativa,intencao_pagamento,Cliente reconheceu o débito e solicitou prazo curto para organizar o pagamento.
INT000483,PJ0165,2026-04-01,portal,ativa,promessa_registrada,Cliente confirmou data e valor para pagamento parcial pelo portal.
INT000479,PJ0165,2026-04-13,portal,ativa,dificuldade_temporaria,Representante relatou atraso pontual de um comprador e solicitou nova condição.
INT000481,PJ0165,2026-05-04,whatsapp,ativa,promessa_registrada,"Promessa de pagamento registrada para os próximos dias, aguardando acompanhamento."
INT000480,PJ0165,2026-05-09,whatsapp,ativa,sem_sucesso,Tentativa sem sucesso; telefone chamou e não houve atendimento.
INT000486,PJ0166,2026-02-03,portal,ativa,intencao_pagamento,Representante confirmou intenção de pagamento após recebimento de cliente relevante.
INT000484,PJ0166,2026-02-13,portal,ativa,sem_sucesso,"Mensagem enviada no canal autorizado, ainda sem retorno do representante."
INT000485,PJ0166,2026-02-19,telefone,receptiva,sem_sucesso,"Mensagem enviada no canal autorizado, ainda sem retorno do representante."
INT000487,PJ0167,2025-11-23,whatsapp,ativa,dificuldade_temporaria,Representante relatou atraso pontual de um comprador e solicitou nova condição.
INT000491,PJ0168,2026-03-20,whatsapp,ativa,intencao_pagamento,Representante confirmou intenção de pagamento após recebimento de cliente relevante.
INT000492,PJ0168,2026-04-04,telefone,ativa,sem_sucesso,"Mensagem enviada no canal autorizado, ainda sem retorno do representante."
INT000488,PJ0168,2026-04-08,whatsapp,ativa,dificuldade_temporaria,Cliente relatou queda temporária de faturamento e interesse em parcelamento.
INT000489,PJ0168,2026-04-17,whatsapp,receptiva,intencao_pagamento,Representante confirmou intenção de pagamento após recebimento de cliente relevante.
INT000490,PJ0168,2026-04-20,email,ativa,dificuldade_temporaria,Cliente relatou queda temporária de faturamento e interesse em parcelamento.
INT000493,PJ0169,2026-02-17,telefone,ativa,intencao_pagamento,Empresa informou fluxo de caixa previsto e pediu envio das opções no portal.
INT000495,PJ0169,2026-02-20,telefone,ativa,dificuldade_temporaria,Empresa informou sazonalidade no caixa e pediu parcelas alinhadas aos recebíveis.
INT000494,PJ0169,2026-03-01,telefone,ativa,recuperacao_judicial,Representante informou processo de recuperação judicial; caso requer equipe especializada.
INT000496,PJ0170,2026-02-28,portal,ativa,promessa_registrada,"Promessa de pagamento registrada para os próximos dias, aguardando acompanhamento."
INT000498,PJ0171,2026-04-16,portal,ativa,sem_sucesso,Tentativa sem sucesso; telefone chamou e não houve atendimento.
INT000499,PJ0171,2026-06-20,whatsapp,ativa,sem_sucesso,E-mail devolvido; necessário validar o endereço antes de nova tentativa.
INT000497,PJ0171,2026-06-25,email,ativa,sem_sucesso,Tentativa sem sucesso; telefone chamou e não houve atendimento.
INT000500,PJ0171,2026-06-29,telefone,ativa,recusa_oferta,Proposta apresentada não foi aceita; solicitado novo contato após revisão do caixa.
INT000502,PJ0172,2025-12-03,telefone,receptiva,dificuldade_temporaria,Cliente relatou queda temporária de faturamento e interesse em parcelamento.
INT000504,PJ0172,2025-12-29,telefone,ativa,dificuldade_temporaria,Empresa informou sazonalidade no caixa e pediu parcelas alinhadas aos recebíveis.
INT000503,PJ0172,2026-01-03,email,ativa,dificuldade_temporaria,Cliente relatou queda temporária de faturamento e interesse em parcelamento.
INT000501,PJ0172,2026-01-09,telefone,ativa,intencao_pagamento,Empresa informou fluxo de caixa previsto e pediu envio das opções no portal.
INT000506,PJ0173,2026-03-12,whatsapp,ativa,dificuldade_temporaria,Representante relatou atraso pontual de um comprador e solicitou nova condição.
INT000505,PJ0173,2026-04-20,whatsapp,receptiva,sem_sucesso,E-mail devolvido; necessário validar o endereço antes de nova tentativa.
INT000508,PJ0174,2026-03-07,email,ativa,dificuldade_temporaria,Representante relatou atraso pontual de um comprador e solicitou nova condição.
INT000507,PJ0174,2026-03-10,telefone,ativa,contestacao,Cliente informou divergência no saldo; negociação interrompida para análise.
INT000510,PJ0174,2026-03-26,whatsapp,receptiva,promessa_registrada,"Promessa de pagamento registrada para os próximos dias, aguardando acompanhamento."
INT000509,PJ0174,2026-03-27,email,ativa,contestacao,Representante contestou o valor e solicitou validação do contrato antes de negociar.
INT000512,PJ0175,2026-03-10,telefone,ativa,promessa_registrada,Cliente confirmou data e valor para pagamento parcial pelo portal.
INT000511,PJ0175,2026-03-12,whatsapp,receptiva,sem_sucesso,"Mensagem enviada no canal autorizado, ainda sem retorno do representante."
INT000513,PJ0176,2026-03-10,telefone,ativa,promessa_registrada,Cliente confirmou data e valor para pagamento parcial pelo portal.
INT000515,PJ0176,2026-04-19,whatsapp,ativa,promessa_registrada,Cliente confirmou data e valor para pagamento parcial pelo portal.
INT000514,PJ0176,2026-04-22,whatsapp,ativa,sem_sucesso,"Mensagem enviada no canal autorizado, ainda sem retorno do representante."
INT000519,PJ0177,2026-01-01,email,ativa,promessa_registrada,Cliente confirmou data e valor para pagamento parcial pelo portal.
INT000516,PJ0177,2026-01-12,whatsapp,receptiva,promessa_registrada,Cliente confirmou data e valor para pagamento parcial pelo portal.
INT000517,PJ0177,2026-01-16,whatsapp,ativa,sem_sucesso,Tentativa sem sucesso; telefone chamou e não houve atendimento.
INT000518,PJ0177,2026-02-07,portal,ativa,dificuldade_temporaria,Cliente relatou queda temporária de faturamento e interesse em parcelamento.
INT000521,PJ0178,2025-12-25,whatsapp,receptiva,intencao_pagamento,Cliente reconheceu o débito e solicitou prazo curto para organizar o pagamento.
INT000520,PJ0178,2026-01-08,whatsapp,ativa,promessa_registrada,Cliente confirmou data e valor para pagamento parcial pelo portal.
INT000522,PJ0178,2026-01-12,whatsapp,ativa,dificuldade_temporaria,Cliente relatou queda temporária de faturamento e interesse em parcelamento.
INT000523,PJ0179,2026-05-03,portal,ativa,sem_sucesso,Tentativa sem sucesso; telefone chamou e não houve atendimento.
INT000524,PJ0180,2026-05-09,email,ativa,sem_sucesso,E-mail devolvido; necessário validar o endereço antes de nova tentativa.
INT000528,PJ0180,2026-06-09,telefone,receptiva,dificuldade_temporaria,Cliente relatou queda temporária de faturamento e interesse em parcelamento.
INT000525,PJ0180,2026-06-16,telefone,ativa,recusa_oferta,Proposta apresentada não foi aceita; solicitado novo contato após revisão do caixa.
INT000527,PJ0180,2026-06-23,whatsapp,ativa,sem_sucesso,Tentativa sem sucesso; telefone chamou e não houve atendimento.
INT000526,PJ0180,2026-06-24,whatsapp,ativa,promessa_registrada,Cliente confirmou data e valor para pagamento parcial pelo portal.
INT000533,PJ0181,2026-04-21,whatsapp,ativa,dificuldade_temporaria,Cliente relatou queda temporária de faturamento e interesse em parcelamento.
INT000531,PJ0181,2026-04-22,email,ativa,dificuldade_temporaria,Cliente relatou queda temporária de faturamento e interesse em parcelamento.
INT000530,PJ0181,2026-05-07,email,ativa,dificuldade_temporaria,Empresa informou sazonalidade no caixa e pediu parcelas alinhadas aos recebíveis.
INT000529,PJ0181,2026-06-17,whatsapp,ativa,promessa_registrada,Cliente confirmou data e valor para pagamento parcial pelo portal.
INT000532,PJ0181,2026-06-28,email,ativa,contestacao,Representante contestou o valor e solicitou validação do contrato antes de negociar.
INT000537,PJ0182,2025-12-18,email,ativa,sem_sucesso,"Mensagem enviada no canal autorizado, ainda sem retorno do representante."
INT000535,PJ0182,2025-12-29,email,receptiva,intencao_pagamento,Cliente reconheceu o débito e solicitou prazo curto para organizar o pagamento.
INT000536,PJ0182,2026-01-09,portal,ativa,intencao_pagamento,Empresa informou fluxo de caixa previsto e pediu envio das opções no portal.
INT000534,PJ0182,2026-01-24,portal,ativa,sem_sucesso,E-mail devolvido; necessário validar o endereço antes de nova tentativa.
INT000539,PJ0183,2026-02-07,telefone,ativa,sem_sucesso,E-mail devolvido; necessário validar o endereço antes de nova tentativa.
INT000540,PJ0183,2026-02-13,email,receptiva,sem_sucesso,E-mail devolvido; necessário validar o endereço antes de nova tentativa.
INT000538,PJ0183,2026-02-26,whatsapp,receptiva,intencao_pagamento,Representante confirmou intenção de pagamento após recebimento de cliente relevante.
INT000541,PJ0184,2026-04-29,whatsapp,ativa,sem_sucesso,Tentativa sem sucesso; telefone chamou e não houve atendimento.
INT000542,PJ0185,2026-06-03,email,receptiva,contestacao,Cliente informou divergência no saldo; negociação interrompida para análise.
INT000543,PJ0186,2026-03-09,email,ativa,intencao_pagamento,Representante confirmou intenção de pagamento após recebimento de cliente relevante.
INT000544,PJ0186,2026-03-31,whatsapp,receptiva,dificuldade_temporaria,Empresa informou sazonalidade no caixa e pediu parcelas alinhadas aos recebíveis.
INT000545,PJ0186,2026-04-29,telefone,ativa,sem_sucesso,"Mensagem enviada no canal autorizado, ainda sem retorno do representante."
INT000546,PJ0187,2026-01-16,whatsapp,receptiva,dificuldade_temporaria,Representante relatou atraso pontual de um comprador e solicitou nova condição.
INT000547,PJ0187,2026-01-23,whatsapp,receptiva,dificuldade_temporaria,Representante relatou atraso pontual de um comprador e solicitou nova condição.
INT000548,PJ0187,2026-02-08,whatsapp,ativa,dificuldade_temporaria,Empresa informou sazonalidade no caixa e pediu parcelas alinhadas aos recebíveis.
INT000549,PJ0187,2026-03-21,whatsapp,ativa,sem_sucesso,"Mensagem enviada no canal autorizado, ainda sem retorno do representante."
INT000551,PJ0188,2026-01-05,whatsapp,ativa,dificuldade_temporaria,Cliente relatou queda temporária de faturamento e interesse em parcelamento.
INT000550,PJ0188,2026-01-23,email,ativa,recusa_oferta,Proposta apresentada não foi aceita; solicitado novo contato após revisão do caixa.
INT000552,PJ0188,2026-02-13,whatsapp,receptiva,intencao_pagamento,Empresa informou fluxo de caixa previsto e pediu envio das opções no portal.
INT000554,PJ0189,2026-02-02,whatsapp,ativa,promessa_registrada,Cliente confirmou data e valor para pagamento parcial pelo portal.
INT000553,PJ0189,2026-02-19,telefone,ativa,sem_sucesso,Tentativa sem sucesso; telefone chamou e não houve atendimento.
INT000555,PJ0189,2026-02-27,whatsapp,ativa,promessa_registrada,"Promessa de pagamento registrada para os próximos dias, aguardando acompanhamento."
INT000556,PJ0189,2026-03-08,email,ativa,dificuldade_temporaria,Empresa informou sazonalidade no caixa e pediu parcelas alinhadas aos recebíveis.
INT000557,PJ0190,2026-01-11,portal,ativa,sem_sucesso,E-mail devolvido; necessário validar o endereço antes de nova tentativa.
INT000558,PJ0190,2026-02-14,email,ativa,intencao_pagamento,Cliente reconheceu o débito e solicitou prazo curto para organizar o pagamento.
INT000563,PJ0191,2025-12-02,telefone,ativa,promessa_registrada,"Promessa de pagamento registrada para os próximos dias, aguardando acompanhamento."
INT000559,PJ0191,2025-12-15,whatsapp,ativa,intencao_pagamento,Empresa informou fluxo de caixa previsto e pediu envio das opções no portal.
INT000562,PJ0191,2025-12-21,telefone,ativa,dificuldade_temporaria,Cliente relatou queda temporária de faturamento e interesse em parcelamento.
INT000561,PJ0191,2026-01-10,telefone,receptiva,recusa_oferta,Cliente considerou a parcela acima da capacidade atual e recusou a oferta.
INT000560,PJ0191,2026-01-18,telefone,ativa,promessa_registrada,"Promessa de pagamento registrada para os próximos dias, aguardando acompanhamento."
INT000564,PJ0192,2026-05-15,whatsapp,ativa,dificuldade_temporaria,Empresa informou sazonalidade no caixa e pediu parcelas alinhadas aos recebíveis.
INT000565,PJ0193,2026-03-03,email,ativa,sem_sucesso,"Mensagem enviada no canal autorizado, ainda sem retorno do representante."
INT000567,PJ0194,2026-03-29,email,ativa,contestacao,Representante contestou o valor e solicitou validação do contrato antes de negociar.
INT000566,PJ0194,2026-05-19,whatsapp,ativa,dificuldade_temporaria,Representante relatou atraso pontual de um comprador e solicitou nova condição.
INT000570,PJ0195,2025-12-07,telefone,ativa,contestacao,Representante contestou o valor e solicitou validação do contrato antes de negociar.
INT000568,PJ0195,2025-12-10,whatsapp,ativa,sem_sucesso,E-mail devolvido; necessário validar o endereço antes de nova tentativa.
INT000569,PJ0195,2026-01-05,telefone,ativa,sem_sucesso,Tentativa sem sucesso; telefone chamou e não houve atendimento.
INT000572,PJ0195,2026-01-09,whatsapp,ativa,sem_sucesso,Tentativa sem sucesso; telefone chamou e não houve atendimento.
INT000571,PJ0195,2026-01-23,email,ativa,intencao_pagamento,Empresa informou fluxo de caixa previsto e pediu envio das opções no portal.
INT000574,PJ0196,2026-03-23,email,ativa,dificuldade_temporaria,Empresa informou sazonalidade no caixa e pediu parcelas alinhadas aos recebíveis.
INT000573,PJ0196,2026-04-17,whatsapp,ativa,sem_sucesso,"Mensagem enviada no canal autorizado, ainda sem retorno do representante."
INT000575,PJ0197,2026-02-10,portal,ativa,recusa_oferta,Cliente considerou a parcela acima da capacidade atual e recusou a oferta.
INT000578,PJ0198,2025-12-21,whatsapp,ativa,dificuldade_temporaria,Empresa informou sazonalidade no caixa e pediu parcelas alinhadas aos recebíveis.
INT000576,PJ0198,2026-01-06,whatsapp,ativa,sem_sucesso,"Mensagem enviada no canal autorizado, ainda sem retorno do representante."
INT000577,PJ0198,2026-01-18,whatsapp,ativa,dificuldade_temporaria,Empresa informou sazonalidade no caixa e pediu parcelas alinhadas aos recebíveis.
INT000580,PJ0198,2026-02-08,whatsapp,ativa,intencao_pagamento,Representante confirmou intenção de pagamento após recebimento de cliente relevante.
INT000579,PJ0198,2026-02-11,email,ativa,dificuldade_temporaria,Empresa informou sazonalidade no caixa e pediu parcelas alinhadas aos recebíveis.
INT000582,PJ0199,2026-05-01,whatsapp,ativa,sem_sucesso,"Mensagem enviada no canal autorizado, ainda sem retorno do representante."
INT000581,PJ0199,2026-05-08,portal,ativa,dificuldade_temporaria,Cliente relatou queda temporária de faturamento e interesse em parcelamento.
INT000585,PJ0200,2026-04-10,telefone,receptiva,promessa_registrada,Cliente confirmou data e valor para pagamento parcial pelo portal.
INT000587,PJ0200,2026-04-27,whatsapp,ativa,intencao_pagamento,Representante confirmou intenção de pagamento após recebimento de cliente relevante.
INT000583,PJ0200,2026-05-14,telefone,ativa,sem_sucesso,"Mensagem enviada no canal autorizado, ainda sem retorno do representante."
INT000584,PJ0200,2026-05-20,portal,receptiva,sem_sucesso,"Mensagem enviada no canal autorizado, ainda sem retorno do representante."
INT000586,PJ0200,2026-05-21,whatsapp,ativa,dificuldade_temporaria,Representante relatou atraso pontual de um comprador e solicitou nova condição.
INT000589,PJ0201,2026-03-19,telefone,ativa,intencao_pagamento,Empresa informou fluxo de caixa previsto e pediu envio das opções no portal.
INT000588,PJ0201,2026-03-25,whatsapp,receptiva,contestacao,Cliente informou divergência no saldo; negociação interrompida para análise.
INT000592,PJ0202,2026-01-25,whatsapp,receptiva,recusa_oferta,Cliente considerou a parcela acima da capacidade atual e recusou a oferta.
INT000591,PJ0202,2026-02-18,email,receptiva,recusa_oferta,Cliente considerou a parcela acima da capacidade atual e recusou a oferta.
INT000590,PJ0202,2026-03-21,email,receptiva,sem_sucesso,E-mail devolvido; necessário validar o endereço antes de nova tentativa.
INT000593,PJ0202,2026-03-24,telefone,receptiva,dificuldade_temporaria,Cliente relatou queda temporária de faturamento e interesse em parcelamento.
INT000594,PJ0203,2026-01-16,email,ativa,recuperacao_judicial,Representante informou processo de recuperação judicial; caso requer equipe especializada.
INT000596,PJ0204,2026-04-19,email,ativa,intencao_pagamento,Empresa informou fluxo de caixa previsto e pediu envio das opções no portal.
INT000597,PJ0204,2026-05-05,email,ativa,intencao_pagamento,Empresa informou fluxo de caixa previsto e pediu envio das opções no portal.
INT000595,PJ0204,2026-05-08,whatsapp,ativa,sem_sucesso,Tentativa sem sucesso; telefone chamou e não houve atendimento.
INT000598,PJ0205,2026-01-17,telefone,ativa,sem_sucesso,E-mail devolvido; necessário validar o endereço antes de nova tentativa.
INT000599,PJ0205,2026-02-24,email,ativa,sem_sucesso,Tentativa sem sucesso; telefone chamou e não houve atendimento.
INT000600,PJ0205,2026-02-28,whatsapp,ativa,dificuldade_temporaria,Representante relatou atraso pontual de um comprador e solicitou nova condição.
INT000603,PJ0206,2025-11-20,whatsapp,ativa,intencao_pagamento,Cliente reconheceu o débito e solicitou prazo curto para organizar o pagamento.
INT000602,PJ0206,2025-11-27,whatsapp,ativa,dificuldade_temporaria,Cliente relatou queda temporária de faturamento e interesse em parcelamento.
INT000601,PJ0206,2026-01-01,email,ativa,intencao_pagamento,Empresa informou fluxo de caixa previsto e pediu envio das opções no portal.
INT000604,PJ0206,2026-01-25,whatsapp,ativa,dificuldade_temporaria,Representante relatou atraso pontual de um comprador e solicitou nova condição.
INT000606,PJ0207,2026-04-26,whatsapp,ativa,dificuldade_temporaria,Representante relatou atraso pontual de um comprador e solicitou nova condição.
INT000605,PJ0207,2026-06-19,telefone,ativa,sem_sucesso,Tentativa sem sucesso; telefone chamou e não houve atendimento.
INT000609,PJ0208,2026-05-01,telefone,ativa,intencao_pagamento,Cliente reconheceu o débito e solicitou prazo curto para organizar o pagamento.
INT000608,PJ0208,2026-05-19,portal,ativa,recusa_oferta,Proposta apresentada não foi aceita; solicitado novo contato após revisão do caixa.
INT000607,PJ0208,2026-05-23,whatsapp,ativa,contestacao,Cliente informou divergência no saldo; negociação interrompida para análise.
INT000611,PJ0209,2026-02-24,telefone,ativa,promessa_registrada,"Promessa de pagamento registrada para os próximos dias, aguardando acompanhamento."
INT000610,PJ0209,2026-03-11,email,ativa,sem_sucesso,"Mensagem enviada no canal autorizado, ainda sem retorno do representante."
INT000612,PJ0209,2026-04-29,whatsapp,ativa,promessa_registrada,"Promessa de pagamento registrada para os próximos dias, aguardando acompanhamento."
INT000613,PJ0210,2026-01-23,telefone,ativa,recusa_oferta,Cliente considerou a parcela acima da capacidade atual e recusou a oferta.
INT000615,PJ0211,2026-04-06,telefone,receptiva,intencao_pagamento,Representante confirmou intenção de pagamento após recebimento de cliente relevante.
INT000614,PJ0211,2026-04-20,telefone,ativa,promessa_registrada,Cliente confirmou data e valor para pagamento parcial pelo portal.
INT000616,PJ0211,2026-05-06,email,receptiva,intencao_pagamento,Representante confirmou intenção de pagamento após recebimento de cliente relevante.
INT000617,PJ0212,2026-03-10,telefone,receptiva,dificuldade_temporaria,Empresa informou sazonalidade no caixa e pediu parcelas alinhadas aos recebíveis.
INT000618,PJ0213,2026-02-17,telefone,ativa,intencao_pagamento,Empresa informou fluxo de caixa previsto e pediu envio das opções no portal.
INT000620,PJ0213,2026-02-22,telefone,ativa,promessa_registrada,Cliente confirmou data e valor para pagamento parcial pelo portal.
INT000619,PJ0213,2026-03-04,email,receptiva,sem_sucesso,E-mail devolvido; necessário validar o endereço antes de nova tentativa.
INT000621,PJ0213,2026-03-22,email,ativa,sem_sucesso,"Mensagem enviada no canal autorizado, ainda sem retorno do representante."
INT000623,PJ0214,2026-01-03,telefone,receptiva,recusa_oferta,Cliente considerou a parcela acima da capacidade atual e recusou a oferta.
INT000622,PJ0214,2026-01-23,email,receptiva,promessa_registrada,"Promessa de pagamento registrada para os próximos dias, aguardando acompanhamento."
INT000624,PJ0215,2026-04-05,telefone,ativa,recusa_oferta,Proposta apresentada não foi aceita; solicitado novo contato após revisão do caixa.
INT000626,PJ0216,2026-01-17,email,receptiva,recusa_oferta,Proposta apresentada não foi aceita; solicitado novo contato após revisão do caixa.
INT000627,PJ0216,2026-02-26,email,ativa,sem_sucesso,"Mensagem enviada no canal autorizado, ainda sem retorno do representante."
INT000625,PJ0216,2026-03-01,telefone,ativa,dificuldade_temporaria,Representante relatou atraso pontual de um comprador e solicitou nova condição.
INT000628,PJ0216,2026-03-14,telefone,ativa,intencao_pagamento,Empresa informou fluxo de caixa previsto e pediu envio das opções no portal.
INT000629,PJ0216,2026-03-14,telefone,receptiva,dificuldade_temporaria,Empresa informou sazonalidade no caixa e pediu parcelas alinhadas aos recebíveis.
INT000633,PJ0217,2025-12-16,telefone,ativa,sem_sucesso,Tentativa sem sucesso; telefone chamou e não houve atendimento.
INT000630,PJ0217,2025-12-25,email,ativa,dificuldade_temporaria,Representante relatou atraso pontual de um comprador e solicitou nova condição.
INT000631,PJ0217,2026-02-11,portal,ativa,intencao_pagamento,Representante confirmou intenção de pagamento após recebimento de cliente relevante.
INT000632,PJ0217,2026-02-25,whatsapp,receptiva,dificuldade_temporaria,Representante relatou atraso pontual de um comprador e solicitou nova condição.
INT000635,PJ0218,2025-11-16,whatsapp,ativa,recusa_oferta,Cliente considerou a parcela acima da capacidade atual e recusou a oferta.
INT000634,PJ0218,2026-01-09,whatsapp,ativa,intencao_pagamento,Empresa informou fluxo de caixa previsto e pediu envio das opções no portal.
INT000638,PJ0219,2026-03-12,portal,receptiva,sem_sucesso,Tentativa sem sucesso; telefone chamou e não houve atendimento.
INT000639,PJ0219,2026-03-28,telefone,ativa,sem_sucesso,Tentativa sem sucesso; telefone chamou e não houve atendimento.
INT000637,PJ0219,2026-03-29,whatsapp,receptiva,promessa_registrada,"Promessa de pagamento registrada para os próximos dias, aguardando acompanhamento."
INT000636,PJ0219,2026-04-10,email,receptiva,intencao_pagamento,Cliente reconheceu o débito e solicitou prazo curto para organizar o pagamento.
INT000640,PJ0219,2026-04-14,telefone,ativa,sem_sucesso,E-mail devolvido; necessário validar o endereço antes de nova tentativa.
INT000642,PJ0220,2026-04-16,whatsapp,ativa,recuperacao_judicial,Representante informou processo de recuperação judicial; caso requer equipe especializada.
INT000643,PJ0220,2026-04-16,email,ativa,intencao_pagamento,Representante confirmou intenção de pagamento após recebimento de cliente relevante.
INT000641,PJ0220,2026-04-23,telefone,ativa,dificuldade_temporaria,Representante relatou atraso pontual de um comprador e solicitou nova condição.
INT000644,PJ0220,2026-05-22,telefone,ativa,dificuldade_temporaria,Representante relatou atraso pontual de um comprador e solicitou nova condição.
INT000645,PJ0221,2026-04-04,email,receptiva,recuperacao_judicial,Representante informou processo de recuperação judicial; caso requer equipe especializada.
INT000646,PJ0222,2025-12-17,whatsapp,ativa,intencao_pagamento,Empresa informou fluxo de caixa previsto e pediu envio das opções no portal.
INT000647,PJ0222,2025-12-21,email,ativa,sem_sucesso,Tentativa sem sucesso; telefone chamou e não houve atendimento.
INT000648,PJ0222,2025-12-25,telefone,ativa,recusa_oferta,Proposta apresentada não foi aceita; solicitado novo contato após revisão do caixa.
INT000649,PJ0222,2026-01-16,email,ativa,intencao_pagamento,Representante confirmou intenção de pagamento após recebimento de cliente relevante.
INT000652,PJ0223,2026-01-17,email,ativa,sem_sucesso,E-mail devolvido; necessário validar o endereço antes de nova tentativa.
INT000653,PJ0223,2026-02-24,whatsapp,ativa,dificuldade_temporaria,Cliente relatou queda temporária de faturamento e interesse em parcelamento.
INT000650,PJ0223,2026-03-13,portal,ativa,dificuldade_temporaria,Representante relatou atraso pontual de um comprador e solicitou nova condição.
INT000651,PJ0223,2026-03-27,email,ativa,intencao_pagamento,Cliente reconheceu o débito e solicitou prazo curto para organizar o pagamento.
INT000656,PJ0224,2026-05-16,whatsapp,ativa,sem_sucesso,"Mensagem enviada no canal autorizado, ainda sem retorno do representante."
INT000655,PJ0224,2026-05-27,telefone,ativa,sem_sucesso,E-mail devolvido; necessário validar o endereço antes de nova tentativa.
INT000657,PJ0224,2026-05-28,email,ativa,recusa_oferta,Cliente considerou a parcela acima da capacidade atual e recusou a oferta.
INT000654,PJ0224,2026-06-08,telefone,ativa,intencao_pagamento,Representante confirmou intenção de pagamento após recebimento de cliente relevante.
INT000660,PJ0225,2025-12-14,telefone,ativa,promessa_registrada,Cliente confirmou data e valor para pagamento parcial pelo portal.
INT000662,PJ0225,2025-12-14,telefone,ativa,promessa_registrada,Cliente confirmou data e valor para pagamento parcial pelo portal.
INT000661,PJ0225,2025-12-26,telefone,receptiva,recusa_oferta,Proposta apresentada não foi aceita; solicitado novo contato após revisão do caixa.
INT000659,PJ0225,2026-01-01,telefone,ativa,sem_sucesso,E-mail devolvido; necessário validar o endereço antes de nova tentativa.
INT000658,PJ0225,2026-01-27,portal,ativa,sem_sucesso,Tentativa sem sucesso; telefone chamou e não houve atendimento.
INT000663,PJ0226,2026-02-14,telefone,ativa,dificuldade_temporaria,Empresa informou sazonalidade no caixa e pediu parcelas alinhadas aos recebíveis.
INT000664,PJ0226,2026-02-18,telefone,ativa,sem_sucesso,"Mensagem enviada no canal autorizado, ainda sem retorno do representante."
INT000665,PJ0227,2026-02-14,whatsapp,ativa,contestacao,Representante contestou o valor e solicitou validação do contrato antes de negociar.
INT000666,PJ0227,2026-04-19,portal,ativa,intencao_pagamento,Representante confirmou intenção de pagamento após recebimento de cliente relevante.
INT000669,PJ0228,2026-02-10,whatsapp,ativa,sem_sucesso,"Mensagem enviada no canal autorizado, ainda sem retorno do representante."
INT000668,PJ0228,2026-02-18,email,ativa,intencao_pagamento,Representante confirmou intenção de pagamento após recebimento de cliente relevante.
INT000667,PJ0228,2026-02-28,whatsapp,ativa,sem_sucesso,"Mensagem enviada no canal autorizado, ainda sem retorno do representante."
INT000670,PJ0229,2026-02-19,email,ativa,recusa_oferta,Proposta apresentada não foi aceita; solicitado novo contato após revisão do caixa.
INT000671,PJ0230,2026-03-12,telefone,receptiva,dificuldade_temporaria,Cliente relatou queda temporária de faturamento e interesse em parcelamento.
INT000673,PJ0231,2026-05-30,portal,ativa,sem_sucesso,"Mensagem enviada no canal autorizado, ainda sem retorno do representante."
INT000672,PJ0231,2026-06-27,whatsapp,ativa,promessa_registrada,"Promessa de pagamento registrada para os próximos dias, aguardando acompanhamento."
INT000674,PJ0232,2025-12-15,portal,receptiva,intencao_pagamento,Cliente reconheceu o débito e solicitou prazo curto para organizar o pagamento.
INT000679,PJ0233,2026-01-19,telefone,ativa,intencao_pagamento,Cliente reconheceu o débito e solicitou prazo curto para organizar o pagamento.
INT000675,PJ0233,2026-01-21,telefone,ativa,sem_sucesso,Tentativa sem sucesso; telefone chamou e não houve atendimento.
INT000676,PJ0233,2026-01-22,whatsapp,ativa,promessa_registrada,"Promessa de pagamento registrada para os próximos dias, aguardando acompanhamento."
INT000678,PJ0233,2026-02-12,telefone,ativa,intencao_pagamento,Empresa informou fluxo de caixa previsto e pediu envio das opções no portal.
INT000677,PJ0233,2026-03-07,telefone,ativa,recusa_oferta,Proposta apresentada não foi aceita; solicitado novo contato após revisão do caixa.
INT000680,PJ0234,2026-02-24,whatsapp,ativa,recusa_oferta,Proposta apresentada não foi aceita; solicitado novo contato após revisão do caixa.
INT000681,PJ0234,2026-04-26,telefone,ativa,intencao_pagamento,Empresa informou fluxo de caixa previsto e pediu envio das opções no portal.
INT000685,PJ0235,2026-01-05,portal,ativa,promessa_registrada,"Promessa de pagamento registrada para os próximos dias, aguardando acompanhamento."
INT000682,PJ0235,2026-01-15,portal,ativa,intencao_pagamento,Cliente reconheceu o débito e solicitou prazo curto para organizar o pagamento.
INT000684,PJ0235,2026-02-03,portal,ativa,recusa_oferta,Proposta apresentada não foi aceita; solicitado novo contato após revisão do caixa.
INT000683,PJ0235,2026-02-16,portal,ativa,intencao_pagamento,Cliente reconheceu o débito e solicitou prazo curto para organizar o pagamento.
INT000686,PJ0236,2025-12-04,whatsapp,receptiva,intencao_pagamento,Cliente reconheceu o débito e solicitou prazo curto para organizar o pagamento.
INT000687,PJ0236,2025-12-22,whatsapp,ativa,promessa_registrada,Cliente confirmou data e valor para pagamento parcial pelo portal.
INT000692,PJ0237,2025-11-14,email,ativa,intencao_pagamento,Empresa informou fluxo de caixa previsto e pediu envio das opções no portal.
INT000691,PJ0237,2025-11-15,telefone,ativa,contestacao,Cliente informou divergência no saldo; negociação interrompida para análise.
INT000690,PJ0237,2026-01-06,email,ativa,sem_sucesso,"Mensagem enviada no canal autorizado, ainda sem retorno do representante."
INT000689,PJ0237,2026-01-16,whatsapp,receptiva,dificuldade_temporaria,Empresa informou sazonalidade no caixa e pediu parcelas alinhadas aos recebíveis.
INT000688,PJ0237,2026-01-22,whatsapp,ativa,dificuldade_temporaria,Cliente relatou queda temporária de faturamento e interesse em parcelamento.
INT000697,PJ0238,2026-01-26,email,ativa,recusa_oferta,Cliente considerou a parcela acima da capacidade atual e recusou a oferta.
INT000693,PJ0238,2026-01-27,portal,ativa,intencao_pagamento,Empresa informou fluxo de caixa previsto e pediu envio das opções no portal.
INT000695,PJ0238,2026-02-09,portal,ativa,dificuldade_temporaria,Empresa informou sazonalidade no caixa e pediu parcelas alinhadas aos recebíveis.
INT000694,PJ0238,2026-02-27,whatsapp,ativa,intencao_pagamento,Empresa informou fluxo de caixa previsto e pediu envio das opções no portal.
INT000696,PJ0238,2026-03-04,portal,ativa,dificuldade_temporaria,Cliente relatou queda temporária de faturamento e interesse em parcelamento.
INT000698,PJ0239,2026-01-17,telefone,receptiva,recusa_oferta,Cliente considerou a parcela acima da capacidade atual e recusou a oferta.
INT000699,PJ0240,2026-04-17,whatsapp,ativa,dificuldade_temporaria,Representante relatou atraso pontual de um comprador e solicitou nova condição.
INT000700,PJ0240,2026-05-13,portal,ativa,dificuldade_temporaria,Empresa informou sazonalidade no caixa e pediu parcelas alinhadas aos recebíveis.
INT000701,PJ0240,2026-06-05,whatsapp,receptiva,promessa_registrada,"Promessa de pagamento registrada para os próximos dias, aguardando acompanhamento."
INT000702,PJ0240,2026-06-27,email,ativa,intencao_pagamento,Cliente reconheceu o débito e solicitou prazo curto para organizar o pagamento.
INT000703,PJ0241,2026-04-16,telefone,ativa,promessa_registrada,"Promessa de pagamento registrada para os próximos dias, aguardando acompanhamento."
INT000706,PJ0242,2026-05-29,portal,ativa,promessa_registrada,"Promessa de pagamento registrada para os próximos dias, aguardando acompanhamento."
INT000704,PJ0242,2026-06-10,telefone,receptiva,sem_sucesso,"Mensagem enviada no canal autorizado, ainda sem retorno do representante."
INT000705,PJ0242,2026-06-24,whatsapp,receptiva,promessa_registrada,"Promessa de pagamento registrada para os próximos dias, aguardando acompanhamento."
INT000709,PJ0243,2026-02-14,whatsapp,ativa,intencao_pagamento,Cliente reconheceu o débito e solicitou prazo curto para organizar o pagamento.
INT000708,PJ0243,2026-02-23,telefone,ativa,contestacao,Representante contestou o valor e solicitou validação do contrato antes de negociar.
INT000711,PJ0243,2026-03-26,whatsapp,ativa,promessa_registrada,"Promessa de pagamento registrada para os próximos dias, aguardando acompanhamento."
INT000710,PJ0243,2026-03-27,whatsapp,receptiva,intencao_pagamento,Empresa informou fluxo de caixa previsto e pediu envio das opções no portal.
INT000707,PJ0243,2026-04-29,whatsapp,ativa,contestacao,Cliente informou divergência no saldo; negociação interrompida para análise.
INT000715,PJ0244,2026-03-28,whatsapp,receptiva,recusa_oferta,Cliente considerou a parcela acima da capacidade atual e recusou a oferta.
INT000712,PJ0244,2026-04-02,telefone,ativa,intencao_pagamento,Cliente reconheceu o débito e solicitou prazo curto para organizar o pagamento.
INT000714,PJ0244,2026-04-28,telefone,ativa,sem_sucesso,"Mensagem enviada no canal autorizado, ainda sem retorno do representante."
INT000713,PJ0244,2026-05-07,email,ativa,recusa_oferta,Cliente considerou a parcela acima da capacidade atual e recusou a oferta.
INT000716,PJ0245,2025-12-07,whatsapp,ativa,promessa_registrada,"Promessa de pagamento registrada para os próximos dias, aguardando acompanhamento."
INT000717,PJ0245,2026-01-14,telefone,ativa,dificuldade_temporaria,Empresa informou sazonalidade no caixa e pediu parcelas alinhadas aos recebíveis.
INT000718,PJ0246,2026-02-14,whatsapp,ativa,dificuldade_temporaria,Cliente relatou queda temporária de faturamento e interesse em parcelamento.
INT000721,PJ0247,2026-01-18,email,ativa,promessa_registrada,Cliente confirmou data e valor para pagamento parcial pelo portal.
INT000720,PJ0247,2026-02-08,whatsapp,ativa,intencao_pagamento,Empresa informou fluxo de caixa previsto e pediu envio das opções no portal.
INT000719,PJ0247,2026-03-26,whatsapp,ativa,dificuldade_temporaria,Empresa informou sazonalidade no caixa e pediu parcelas alinhadas aos recebíveis.
INT000723,PJ0248,2025-11-14,telefone,ativa,dificuldade_temporaria,Representante relatou atraso pontual de um comprador e solicitou nova condição.
INT000722,PJ0248,2025-11-15,telefone,ativa,dificuldade_temporaria,Empresa informou sazonalidade no caixa e pediu parcelas alinhadas aos recebíveis.
INT000725,PJ0248,2025-12-21,telefone,ativa,contestacao,Cliente informou divergência no saldo; negociação interrompida para análise.
INT000726,PJ0248,2026-01-10,telefone,ativa,intencao_pagamento,Empresa informou fluxo de caixa previsto e pediu envio das opções no portal.
INT000724,PJ0248,2026-01-24,email,ativa,sem_sucesso,E-mail devolvido; necessário validar o endereço antes de nova tentativa.
INT000728,PJ0249,2026-02-14,telefone,ativa,sem_sucesso,Tentativa sem sucesso; telefone chamou e não houve atendimento.
INT000727,PJ0249,2026-03-19,email,ativa,promessa_registrada,Cliente confirmou data e valor para pagamento parcial pelo portal.
INT000729,PJ0249,2026-03-27,whatsapp,ativa,recusa_oferta,Proposta apresentada não foi aceita; solicitado novo contato após revisão do caixa.
INT000731,PJ0250,2026-01-12,email,ativa,sem_sucesso,Tentativa sem sucesso; telefone chamou e não houve atendimento.
INT000730,PJ0250,2026-01-23,portal,ativa,intencao_pagamento,Empresa informou fluxo de caixa previsto e pediu envio das opções no portal.
INT000732,PJ0250,2026-02-19,whatsapp,ativa,sem_sucesso,E-mail devolvido; necessário validar o endereço antes de nova tentativa.
INT000737,PJ0251,2025-11-21,portal,ativa,intencao_pagamento,Empresa informou fluxo de caixa previsto e pediu envio das opções no portal.
INT000734,PJ0251,2025-12-27,whatsapp,ativa,promessa_registrada,"Promessa de pagamento registrada para os próximos dias, aguardando acompanhamento."
INT000735,PJ0251,2026-01-05,whatsapp,ativa,promessa_registrada,Cliente confirmou data e valor para pagamento parcial pelo portal.
INT000733,PJ0251,2026-01-17,telefone,ativa,sem_sucesso,"Mensagem enviada no canal autorizado, ainda sem retorno do representante."
INT000736,PJ0251,2026-01-18,whatsapp,ativa,sem_sucesso,"Mensagem enviada no canal autorizado, ainda sem retorno do representante."
INT000738,PJ0252,2026-02-11,portal,ativa,sem_sucesso,"Mensagem enviada no canal autorizado, ainda sem retorno do representante."
INT000740,PJ0252,2026-02-20,email,ativa,intencao_pagamento,Empresa informou fluxo de caixa previsto e pediu envio das opções no portal.
INT000739,PJ0252,2026-03-15,telefone,ativa,sem_sucesso,E-mail devolvido; necessário validar o endereço antes de nova tentativa.
INT000742,PJ0253,2025-12-31,whatsapp,ativa,promessa_registrada,Cliente confirmou data e valor para pagamento parcial pelo portal.
INT000741,PJ0253,2026-01-28,telefone,receptiva,dificuldade_temporaria,Representante relatou atraso pontual de um comprador e solicitou nova condição.
INT000744,PJ0253,2026-02-13,telefone,ativa,promessa_registrada,"Promessa de pagamento registrada para os próximos dias, aguardando acompanhamento."
INT000743,PJ0253,2026-02-17,telefone,ativa,recusa_oferta,Proposta apresentada não foi aceita; solicitado novo contato após revisão do caixa.
INT000747,PJ0254,2026-04-16,portal,ativa,promessa_registrada,"Promessa de pagamento registrada para os próximos dias, aguardando acompanhamento."
INT000745,PJ0254,2026-04-19,whatsapp,ativa,dificuldade_temporaria,Empresa informou sazonalidade no caixa e pediu parcelas alinhadas aos recebíveis.
INT000748,PJ0254,2026-05-05,whatsapp,ativa,recusa_oferta,Proposta apresentada não foi aceita; solicitado novo contato após revisão do caixa.
INT000746,PJ0254,2026-05-17,telefone,ativa,sem_sucesso,Tentativa sem sucesso; telefone chamou e não houve atendimento.
INT000749,PJ0255,2026-03-02,email,ativa,intencao_pagamento,Cliente reconheceu o débito e solicitou prazo curto para organizar o pagamento.
INT000751,PJ0255,2026-03-08,portal,ativa,dificuldade_temporaria,Empresa informou sazonalidade no caixa e pediu parcelas alinhadas aos recebíveis.
INT000750,PJ0255,2026-03-27,whatsapp,ativa,intencao_pagamento,Empresa informou fluxo de caixa previsto e pediu envio das opções no portal.
INT000752,PJ0256,2026-04-24,telefone,ativa,intencao_pagamento,Empresa informou fluxo de caixa previsto e pediu envio das opções no portal.
INT000755,PJ0256,2026-06-04,telefone,ativa,dificuldade_temporaria,Empresa informou sazonalidade no caixa e pediu parcelas alinhadas aos recebíveis.
INT000753,PJ0256,2026-06-09,email,ativa,recuperacao_judicial,Representante informou processo de recuperação judicial; caso requer equipe especializada.
INT000754,PJ0256,2026-06-26,telefone,ativa,sem_sucesso,E-mail devolvido; necessário validar o endereço antes de nova tentativa.
INT000759,PJ0257,2025-12-15,portal,ativa,intencao_pagamento,Cliente reconheceu o débito e solicitou prazo curto para organizar o pagamento.
INT000756,PJ0257,2026-01-19,telefone,ativa,dificuldade_temporaria,Empresa informou sazonalidade no caixa e pediu parcelas alinhadas aos recebíveis.
INT000758,PJ0257,2026-01-27,email,ativa,intencao_pagamento,Empresa informou fluxo de caixa previsto e pediu envio das opções no portal.
INT000757,PJ0257,2026-02-15,telefone,ativa,contestacao,Representante contestou o valor e solicitou validação do contrato antes de negociar.
INT000760,PJ0258,2025-11-15,whatsapp,ativa,sem_sucesso,Tentativa sem sucesso; telefone chamou e não houve atendimento.
INT000761,PJ0258,2025-11-19,email,ativa,intencao_pagamento,Representante confirmou intenção de pagamento após recebimento de cliente relevante.
INT000764,PJ0259,2025-11-30,portal,ativa,promessa_registrada,Cliente confirmou data e valor para pagamento parcial pelo portal.
INT000762,PJ0259,2025-12-02,email,ativa,recusa_oferta,Proposta apresentada não foi aceita; solicitado novo contato após revisão do caixa.
INT000765,PJ0259,2025-12-21,telefone,receptiva,intencao_pagamento,Empresa informou fluxo de caixa previsto e pediu envio das opções no portal.
INT000763,PJ0259,2025-12-27,telefone,ativa,sem_sucesso,Tentativa sem sucesso; telefone chamou e não houve atendimento.
INT000766,PJ0260,2026-01-17,telefone,ativa,sem_sucesso,E-mail devolvido; necessário validar o endereço antes de nova tentativa.
INT000770,PJ0260,2026-01-18,telefone,receptiva,contestacao,Representante contestou o valor e solicitou validação do contrato antes de negociar.
INT000768,PJ0260,2026-01-31,whatsapp,ativa,dificuldade_temporaria,Empresa informou sazonalidade no caixa e pediu parcelas alinhadas aos recebíveis.
INT000769,PJ0260,2026-02-01,whatsapp,ativa,promessa_registrada,"Promessa de pagamento registrada para os próximos dias, aguardando acompanhamento."
INT000767,PJ0260,2026-03-22,whatsapp,ativa,sem_sucesso,E-mail devolvido; necessário validar o endereço antes de nova tentativa.
INT000772,PJ0261,2026-04-06,telefone,ativa,sem_sucesso,Tentativa sem sucesso; telefone chamou e não houve atendimento.
INT000771,PJ0261,2026-05-25,whatsapp,ativa,sem_sucesso,Tentativa sem sucesso; telefone chamou e não houve atendimento.
INT000775,PJ0262,2026-03-09,whatsapp,receptiva,sem_sucesso,"Mensagem enviada no canal autorizado, ainda sem retorno do representante."
INT000774,PJ0262,2026-03-11,portal,ativa,sem_sucesso,Tentativa sem sucesso; telefone chamou e não houve atendimento.
INT000773,PJ0262,2026-03-17,portal,receptiva,recusa_oferta,Cliente considerou a parcela acima da capacidade atual e recusou a oferta.
INT000776,PJ0263,2025-12-19,whatsapp,ativa,dificuldade_temporaria,Cliente relatou queda temporária de faturamento e interesse em parcelamento.
INT000777,PJ0264,2026-01-16,whatsapp,receptiva,intencao_pagamento,Representante confirmou intenção de pagamento após recebimento de cliente relevante.
INT000778,PJ0265,2026-03-21,portal,receptiva,dificuldade_temporaria,Representante relatou atraso pontual de um comprador e solicitou nova condição.
INT000779,PJ0265,2026-03-26,portal,receptiva,contestacao,Representante contestou o valor e solicitou validação do contrato antes de negociar.
INT000784,PJ0266,2026-03-16,whatsapp,ativa,recusa_oferta,Proposta apresentada não foi aceita; solicitado novo contato após revisão do caixa.
INT000780,PJ0266,2026-04-05,portal,ativa,recuperacao_judicial,Representante informou processo de recuperação judicial; caso requer equipe especializada.
INT000783,PJ0266,2026-04-19,telefone,ativa,dificuldade_temporaria,Representante relatou atraso pontual de um comprador e solicitou nova condição.
INT000781,PJ0266,2026-04-20,whatsapp,ativa,promessa_registrada,Cliente confirmou data e valor para pagamento parcial pelo portal.
INT000782,PJ0266,2026-04-29,whatsapp,ativa,recusa_oferta,Cliente considerou a parcela acima da capacidade atual e recusou a oferta.
INT000786,PJ0267,2025-12-02,whatsapp,ativa,sem_sucesso,E-mail devolvido; necessário validar o endereço antes de nova tentativa.
INT000788,PJ0267,2025-12-10,whatsapp,ativa,intencao_pagamento,Cliente reconheceu o débito e solicitou prazo curto para organizar o pagamento.
INT000787,PJ0267,2025-12-17,email,ativa,sem_sucesso,E-mail devolvido; necessário validar o endereço antes de nova tentativa.
INT000785,PJ0267,2026-01-01,whatsapp,ativa,sem_sucesso,Tentativa sem sucesso; telefone chamou e não houve atendimento.
INT000790,PJ0268,2026-05-13,telefone,ativa,intencao_pagamento,Cliente reconheceu o débito e solicitou prazo curto para organizar o pagamento.
INT000792,PJ0268,2026-05-26,email,ativa,sem_sucesso,E-mail devolvido; necessário validar o endereço antes de nova tentativa.
INT000789,PJ0268,2026-06-18,telefone,receptiva,promessa_registrada,Cliente confirmou data e valor para pagamento parcial pelo portal.
INT000791,PJ0268,2026-06-20,telefone,ativa,intencao_pagamento,Empresa informou fluxo de caixa previsto e pediu envio das opções no portal.
INT000793,PJ0269,2026-05-10,telefone,receptiva,sem_sucesso,"Mensagem enviada no canal autorizado, ainda sem retorno do representante."
INT000795,PJ0270,2025-12-09,email,ativa,intencao_pagamento,Cliente reconheceu o débito e solicitou prazo curto para organizar o pagamento.
INT000794,PJ0270,2025-12-10,whatsapp,receptiva,dificuldade_temporaria,Empresa informou sazonalidade no caixa e pediu parcelas alinhadas aos recebíveis.
INT000796,PJ0270,2025-12-29,whatsapp,ativa,recusa_oferta,Proposta apresentada não foi aceita; solicitado novo contato após revisão do caixa.
INT000797,PJ0270,2026-01-17,portal,ativa,intencao_pagamento,Empresa informou fluxo de caixa previsto e pediu envio das opções no portal.
INT000801,PJ0271,2026-01-21,portal,receptiva,intencao_pagamento,Cliente reconheceu o débito e solicitou prazo curto para organizar o pagamento.
INT000800,PJ0271,2026-01-25,telefone,receptiva,contestacao,Cliente informou divergência no saldo; negociação interrompida para análise.
INT000799,PJ0271,2026-01-31,email,ativa,recusa_oferta,Proposta apresentada não foi aceita; solicitado novo contato após revisão do caixa.
INT000798,PJ0271,2026-03-26,email,receptiva,recusa_oferta,Proposta apresentada não foi aceita; solicitado novo contato após revisão do caixa.
INT000804,PJ0272,2026-04-22,email,receptiva,recusa_oferta,Proposta apresentada não foi aceita; solicitado novo contato após revisão do caixa.
INT000805,PJ0272,2026-04-24,telefone,ativa,promessa_registrada,Cliente confirmou data e valor para pagamento parcial pelo portal.
INT000803,PJ0272,2026-06-13,email,receptiva,sem_sucesso,Tentativa sem sucesso; telefone chamou e não houve atendimento.
INT000802,PJ0272,2026-06-23,whatsapp,receptiva,sem_sucesso,Tentativa sem sucesso; telefone chamou e não houve atendimento.
INT000806,PJ0273,2026-05-06,whatsapp,receptiva,sem_sucesso,Tentativa sem sucesso; telefone chamou e não houve atendimento.
INT000807,PJ0274,2026-02-27,email,receptiva,sem_sucesso,E-mail devolvido; necessário validar o endereço antes de nova tentativa.
INT000812,PJ0275,2025-12-08,portal,ativa,recusa_oferta,Cliente considerou a parcela acima da capacidade atual e recusou a oferta.
INT000810,PJ0275,2025-12-10,whatsapp,ativa,dificuldade_temporaria,Cliente relatou queda temporária de faturamento e interesse em parcelamento.
INT000809,PJ0275,2025-12-18,whatsapp,ativa,sem_sucesso,E-mail devolvido; necessário validar o endereço antes de nova tentativa.
INT000808,PJ0275,2025-12-25,telefone,ativa,promessa_registrada,"Promessa de pagamento registrada para os próximos dias, aguardando acompanhamento."
INT000811,PJ0275,2025-12-31,portal,ativa,dificuldade_temporaria,Empresa informou sazonalidade no caixa e pediu parcelas alinhadas aos recebíveis.
INT000816,PJ0276,2025-12-15,email,receptiva,dificuldade_temporaria,Representante relatou atraso pontual de um comprador e solicitou nova condição.
INT000815,PJ0276,2025-12-27,whatsapp,receptiva,dificuldade_temporaria,Cliente relatou queda temporária de faturamento e interesse em parcelamento.
INT000813,PJ0276,2026-01-10,whatsapp,ativa,sem_sucesso,Tentativa sem sucesso; telefone chamou e não houve atendimento.
INT000814,PJ0276,2026-01-16,whatsapp,ativa,intencao_pagamento,Cliente reconheceu o débito e solicitou prazo curto para organizar o pagamento.
INT000820,PJ0277,2026-01-09,email,ativa,contestacao,Representante contestou o valor e solicitou validação do contrato antes de negociar.
INT000819,PJ0277,2026-02-10,email,ativa,recusa_oferta,Proposta apresentada não foi aceita; solicitado novo contato após revisão do caixa.
INT000817,PJ0277,2026-02-15,email,ativa,dificuldade_temporaria,Cliente relatou queda temporária de faturamento e interesse em parcelamento.
INT000818,PJ0277,2026-02-21,whatsapp,ativa,recusa_oferta,Cliente considerou a parcela acima da capacidade atual e recusou a oferta.
INT000821,PJ0278,2026-04-16,telefone,ativa,sem_sucesso,"Mensagem enviada no canal autorizado, ainda sem retorno do representante."
INT000822,PJ0278,2026-05-31,email,ativa,sem_sucesso,"Mensagem enviada no canal autorizado, ainda sem retorno do representante."
INT000825,PJ0279,2026-03-03,whatsapp,ativa,intencao_pagamento,Cliente reconheceu o débito e solicitou prazo curto para organizar o pagamento.
INT000823,PJ0279,2026-03-14,email,ativa,sem_sucesso,E-mail devolvido; necessário validar o endereço antes de nova tentativa.
INT000827,PJ0279,2026-03-17,whatsapp,ativa,contestacao,Cliente informou divergência no saldo; negociação interrompida para análise.
INT000826,PJ0279,2026-03-18,whatsapp,ativa,sem_sucesso,Tentativa sem sucesso; telefone chamou e não houve atendimento.
INT000824,PJ0279,2026-03-26,telefone,ativa,sem_sucesso,E-mail devolvido; necessário validar o endereço antes de nova tentativa.
INT000829,PJ0280,2026-05-05,whatsapp,receptiva,intencao_pagamento,Cliente reconheceu o débito e solicitou prazo curto para organizar o pagamento.
INT000828,PJ0280,2026-05-14,email,ativa,sem_sucesso,Tentativa sem sucesso; telefone chamou e não houve atendimento.
INT000830,PJ0281,2025-12-26,whatsapp,ativa,promessa_registrada,"Promessa de pagamento registrada para os próximos dias, aguardando acompanhamento."
INT000832,PJ0281,2025-12-28,telefone,ativa,recusa_oferta,Proposta apresentada não foi aceita; solicitado novo contato após revisão do caixa.
INT000831,PJ0281,2026-02-21,portal,ativa,sem_sucesso,Tentativa sem sucesso; telefone chamou e não houve atendimento.
INT000833,PJ0282,2026-04-10,email,receptiva,dificuldade_temporaria,Representante relatou atraso pontual de um comprador e solicitou nova condição.
INT000835,PJ0283,2025-11-25,whatsapp,ativa,dificuldade_temporaria,Empresa informou sazonalidade no caixa e pediu parcelas alinhadas aos recebíveis.
INT000834,PJ0283,2025-12-04,whatsapp,ativa,contestacao,Cliente informou divergência no saldo; negociação interrompida para análise.
INT000838,PJ0284,2026-04-23,whatsapp,receptiva,sem_sucesso,E-mail devolvido; necessário validar o endereço antes de nova tentativa.
INT000836,PJ0284,2026-05-02,whatsapp,ativa,recusa_oferta,Cliente considerou a parcela acima da capacidade atual e recusou a oferta.
INT000837,PJ0284,2026-06-04,email,ativa,recusa_oferta,Cliente considerou a parcela acima da capacidade atual e recusou a oferta.
INT000840,PJ0285,2025-12-17,email,ativa,recusa_oferta,Cliente considerou a parcela acima da capacidade atual e recusou a oferta.
INT000839,PJ0285,2025-12-26,email,ativa,sem_sucesso,E-mail devolvido; necessário validar o endereço antes de nova tentativa.
INT000841,PJ0286,2026-02-11,portal,ativa,intencao_pagamento,Empresa informou fluxo de caixa previsto e pediu envio das opções no portal.
INT000843,PJ0286,2026-03-03,email,ativa,promessa_registrada,Cliente confirmou data e valor para pagamento parcial pelo portal.
INT000842,PJ0286,2026-03-19,email,ativa,intencao_pagamento,Representante confirmou intenção de pagamento após recebimento de cliente relevante.
INT000846,PJ0287,2026-02-26,whatsapp,ativa,sem_sucesso,E-mail devolvido; necessário validar o endereço antes de nova tentativa.
INT000845,PJ0287,2026-03-08,whatsapp,ativa,intencao_pagamento,Empresa informou fluxo de caixa previsto e pediu envio das opções no portal.
INT000844,PJ0287,2026-03-15,telefone,ativa,sem_sucesso,Tentativa sem sucesso; telefone chamou e não houve atendimento.
INT000847,PJ0287,2026-04-21,telefone,ativa,intencao_pagamento,Representante confirmou intenção de pagamento após recebimento de cliente relevante.
INT000849,PJ0288,2026-02-25,telefone,ativa,sem_sucesso,E-mail devolvido; necessário validar o endereço antes de nova tentativa.
INT000850,PJ0288,2026-03-06,email,ativa,dificuldade_temporaria,Empresa informou sazonalidade no caixa e pediu parcelas alinhadas aos recebíveis.
INT000852,PJ0288,2026-03-07,whatsapp,ativa,sem_sucesso,"Mensagem enviada no canal autorizado, ainda sem retorno do representante."
INT000851,PJ0288,2026-03-13,telefone,ativa,dificuldade_temporaria,Cliente relatou queda temporária de faturamento e interesse em parcelamento.
INT000848,PJ0288,2026-03-17,telefone,ativa,recusa_oferta,Proposta apresentada não foi aceita; solicitado novo contato após revisão do caixa.
INT000854,PJ0289,2026-04-09,whatsapp,ativa,sem_sucesso,E-mail devolvido; necessário validar o endereço antes de nova tentativa.
INT000853,PJ0289,2026-04-14,whatsapp,receptiva,intencao_pagamento,Cliente reconheceu o débito e solicitou prazo curto para organizar o pagamento.
INT000855,PJ0289,2026-04-18,whatsapp,ativa,dificuldade_temporaria,Representante relatou atraso pontual de um comprador e solicitou nova condição.
INT000856,PJ0289,2026-04-23,email,ativa,contestacao,Representante contestou o valor e solicitou validação do contrato antes de negociar.
INT000858,PJ0290,2026-01-06,email,ativa,dificuldade_temporaria,Representante relatou atraso pontual de um comprador e solicitou nova condição.
INT000857,PJ0290,2026-02-20,whatsapp,ativa,intencao_pagamento,Cliente reconheceu o débito e solicitou prazo curto para organizar o pagamento.
INT000859,PJ0291,2025-11-17,telefone,receptiva,sem_sucesso,"Mensagem enviada no canal autorizado, ainda sem retorno do representante."
INT000861,PJ0291,2025-11-21,whatsapp,ativa,sem_sucesso,E-mail devolvido; necessário validar o endereço antes de nova tentativa.
INT000863,PJ0291,2025-11-22,email,ativa,intencao_pagamento,Cliente reconheceu o débito e solicitou prazo curto para organizar o pagamento.
INT000860,PJ0291,2026-01-03,email,ativa,contestacao,Cliente informou divergência no saldo; negociação interrompida para análise.
INT000862,PJ0291,2026-01-11,portal,ativa,intencao_pagamento,Empresa informou fluxo de caixa previsto e pediu envio das opções no portal.
INT000865,PJ0292,2026-01-15,email,ativa,dificuldade_temporaria,Cliente relatou queda temporária de faturamento e interesse em parcelamento.
INT000864,PJ0292,2026-03-20,whatsapp,ativa,sem_sucesso,"Mensagem enviada no canal autorizado, ainda sem retorno do representante."
INT000866,PJ0293,2026-01-12,telefone,ativa,intencao_pagamento,Cliente reconheceu o débito e solicitou prazo curto para organizar o pagamento.
INT000867,PJ0293,2026-01-22,whatsapp,ativa,sem_sucesso,Tentativa sem sucesso; telefone chamou e não houve atendimento.
INT000868,PJ0294,2026-01-18,portal,receptiva,dificuldade_temporaria,Empresa informou sazonalidade no caixa e pediu parcelas alinhadas aos recebíveis.
INT000870,PJ0294,2026-01-31,email,ativa,sem_sucesso,Tentativa sem sucesso; telefone chamou e não houve atendimento.
INT000869,PJ0294,2026-02-08,whatsapp,ativa,dificuldade_temporaria,Cliente relatou queda temporária de faturamento e interesse em parcelamento.
INT000871,PJ0295,2025-12-01,whatsapp,receptiva,dificuldade_temporaria,Empresa informou sazonalidade no caixa e pediu parcelas alinhadas aos recebíveis.
INT000873,PJ0295,2025-12-11,telefone,ativa,recusa_oferta,Cliente considerou a parcela acima da capacidade atual e recusou a oferta.
INT000875,PJ0295,2025-12-15,telefone,ativa,sem_sucesso,Tentativa sem sucesso; telefone chamou e não houve atendimento.
INT000874,PJ0295,2025-12-22,telefone,receptiva,intencao_pagamento,Cliente reconheceu o débito e solicitou prazo curto para organizar o pagamento.
INT000872,PJ0295,2026-01-17,telefone,ativa,intencao_pagamento,Empresa informou fluxo de caixa previsto e pediu envio das opções no portal.
INT000876,PJ0296,2026-04-10,telefone,ativa,sem_sucesso,E-mail devolvido; necessário validar o endereço antes de nova tentativa.
INT000877,PJ0297,2026-04-27,telefone,ativa,sem_sucesso,Tentativa sem sucesso; telefone chamou e não houve atendimento.
INT000879,PJ0298,2026-01-12,telefone,receptiva,promessa_registrada,"Promessa de pagamento registrada para os próximos dias, aguardando acompanhamento."
INT000881,PJ0298,2026-01-22,telefone,ativa,sem_sucesso,Tentativa sem sucesso; telefone chamou e não houve atendimento.
INT000878,PJ0298,2026-01-29,email,ativa,intencao_pagamento,Cliente reconheceu o débito e solicitou prazo curto para organizar o pagamento.
INT000880,PJ0298,2026-02-02,telefone,receptiva,sem_sucesso,E-mail devolvido; necessário validar o endereço antes de nova tentativa.
INT000882,PJ0298,2026-03-21,telefone,receptiva,recusa_oferta,Cliente considerou a parcela acima da capacidade atual e recusou a oferta.
INT000883,PJ0299,2026-02-18,whatsapp,ativa,sem_sucesso,E-mail devolvido; necessário validar o endereço antes de nova tentativa.
INT000884,PJ0299,2026-02-20,email,receptiva,promessa_registrada,"Promessa de pagamento registrada para os próximos dias, aguardando acompanhamento."
INT000887,PJ0300,2026-04-20,portal,ativa,promessa_registrada,Cliente confirmou data e valor para pagamento parcial pelo portal.
INT000886,PJ0300,2026-05-18,telefone,ativa,sem_sucesso,E-mail devolvido; necessário validar o endereço antes de nova tentativa.
INT000888,PJ0300,2026-05-29,portal,ativa,contestacao,Representante contestou o valor e solicitou validação do contrato antes de negociar.
INT000885,PJ0300,2026-06-27,telefone,ativa,dificuldade_temporaria,Cliente relatou queda temporária de faturamento e interesse em parcelamento.
INT000889,PJ0301,2026-02-16,whatsapp,receptiva,intencao_pagamento,Representante confirmou intenção de pagamento após recebimento de cliente relevante.
INT000891,PJ0301,2026-02-24,telefone,ativa,sem_sucesso,Tentativa sem sucesso; telefone chamou e não houve atendimento.
INT000890,PJ0301,2026-03-09,portal,ativa,dificuldade_temporaria,Empresa informou sazonalidade no caixa e pediu parcelas alinhadas aos recebíveis.
INT000892,PJ0301,2026-04-04,whatsapp,ativa,dificuldade_temporaria,Empresa informou sazonalidade no caixa e pediu parcelas alinhadas aos recebíveis.
INT000894,PJ0302,2026-01-23,email,ativa,intencao_pagamento,Cliente reconheceu o débito e solicitou prazo curto para organizar o pagamento.
INT000893,PJ0302,2026-01-26,portal,receptiva,recusa_oferta,Proposta apresentada não foi aceita; solicitado novo contato após revisão do caixa.
INT000896,PJ0303,2026-03-27,portal,ativa,promessa_registrada,"Promessa de pagamento registrada para os próximos dias, aguardando acompanhamento."
INT000897,PJ0303,2026-03-30,whatsapp,ativa,sem_sucesso,E-mail devolvido; necessário validar o endereço antes de nova tentativa.
INT000895,PJ0303,2026-04-16,whatsapp,receptiva,sem_sucesso,"Mensagem enviada no canal autorizado, ainda sem retorno do representante."
INT000898,PJ0303,2026-05-26,telefone,ativa,sem_sucesso,Tentativa sem sucesso; telefone chamou e não houve atendimento.
INT000899,PJ0304,2025-11-16,telefone,ativa,intencao_pagamento,Cliente reconheceu o débito e solicitou prazo curto para organizar o pagamento.
INT000900,PJ0305,2025-12-15,telefone,ativa,sem_sucesso,Tentativa sem sucesso; telefone chamou e não houve atendimento.
INT000901,PJ0305,2025-12-21,email,ativa,sem_sucesso,Tentativa sem sucesso; telefone chamou e não houve atendimento.
INT000903,PJ0305,2025-12-21,email,ativa,sem_sucesso,Tentativa sem sucesso; telefone chamou e não houve atendimento.
INT000904,PJ0305,2025-12-29,whatsapp,ativa,promessa_registrada,"Promessa de pagamento registrada para os próximos dias, aguardando acompanhamento."
INT000902,PJ0305,2026-01-06,email,ativa,intencao_pagamento,Representante confirmou intenção de pagamento após recebimento de cliente relevante.
INT000906,PJ0306,2026-03-15,whatsapp,ativa,intencao_pagamento,Representante confirmou intenção de pagamento após recebimento de cliente relevante.
INT000907,PJ0306,2026-04-10,whatsapp,ativa,sem_sucesso,Tentativa sem sucesso; telefone chamou e não houve atendimento.
INT000905,PJ0306,2026-04-13,portal,receptiva,promessa_registrada,"Promessa de pagamento registrada para os próximos dias, aguardando acompanhamento."
INT000908,PJ0307,2026-01-26,whatsapp,ativa,promessa_registrada,"Promessa de pagamento registrada para os próximos dias, aguardando acompanhamento."
INT000909,PJ0308,2026-06-15,whatsapp,ativa,sem_sucesso,Tentativa sem sucesso; telefone chamou e não houve atendimento.
INT000910,PJ0309,2026-01-06,portal,ativa,sem_sucesso,Tentativa sem sucesso; telefone chamou e não houve atendimento.
INT000913,PJ0310,2026-02-14,portal,receptiva,recusa_oferta,Proposta apresentada não foi aceita; solicitado novo contato após revisão do caixa.
INT000911,PJ0310,2026-02-24,telefone,ativa,sem_sucesso,"Mensagem enviada no canal autorizado, ainda sem retorno do representante."
INT000912,PJ0310,2026-03-12,whatsapp,ativa,dificuldade_temporaria,Representante relatou atraso pontual de um comprador e solicitou nova condição.
INT000916,PJ0311,2026-03-19,telefone,ativa,promessa_registrada,"Promessa de pagamento registrada para os próximos dias, aguardando acompanhamento."
INT000917,PJ0311,2026-03-23,portal,receptiva,intencao_pagamento,Cliente reconheceu o débito e solicitou prazo curto para organizar o pagamento.
INT000914,PJ0311,2026-04-08,telefone,ativa,intencao_pagamento,Cliente reconheceu o débito e solicitou prazo curto para organizar o pagamento.
INT000915,PJ0311,2026-04-27,whatsapp,ativa,sem_sucesso,Tentativa sem sucesso; telefone chamou e não houve atendimento.
INT000919,PJ0312,2026-01-26,email,ativa,sem_sucesso,Tentativa sem sucesso; telefone chamou e não houve atendimento.
INT000920,PJ0312,2026-02-02,email,ativa,sem_sucesso,Tentativa sem sucesso; telefone chamou e não houve atendimento.
INT000918,PJ0312,2026-02-14,portal,ativa,intencao_pagamento,Empresa informou fluxo de caixa previsto e pediu envio das opções no portal.
INT000923,PJ0313,2026-05-04,email,ativa,sem_sucesso,E-mail devolvido; necessário validar o endereço antes de nova tentativa.
INT000922,PJ0313,2026-05-19,email,ativa,dificuldade_temporaria,Cliente relatou queda temporária de faturamento e interesse em parcelamento.
INT000921,PJ0313,2026-05-29,telefone,ativa,dificuldade_temporaria,Empresa informou sazonalidade no caixa e pediu parcelas alinhadas aos recebíveis.
INT000924,PJ0313,2026-06-02,whatsapp,ativa,intencao_pagamento,Empresa informou fluxo de caixa previsto e pediu envio das opções no portal.
INT000925,PJ0314,2025-12-28,email,ativa,intencao_pagamento,Representante confirmou intenção de pagamento após recebimento de cliente relevante.
INT000926,PJ0314,2026-02-21,telefone,ativa,sem_sucesso,"Mensagem enviada no canal autorizado, ainda sem retorno do representante."
INT000927,PJ0315,2025-12-30,email,receptiva,promessa_registrada,"Promessa de pagamento registrada para os próximos dias, aguardando acompanhamento."
INT000928,PJ0315,2026-01-23,email,ativa,dificuldade_temporaria,Representante relatou atraso pontual de um comprador e solicitou nova condição.
INT000929,PJ0315,2026-02-15,whatsapp,ativa,sem_sucesso,"Mensagem enviada no canal autorizado, ainda sem retorno do representante."
INT000930,PJ0316,2026-01-13,email,ativa,sem_sucesso,"Mensagem enviada no canal autorizado, ainda sem retorno do representante."
INT000932,PJ0317,2026-02-19,telefone,ativa,sem_sucesso,E-mail devolvido; necessário validar o endereço antes de nova tentativa.
INT000931,PJ0317,2026-02-20,email,ativa,sem_sucesso,"Mensagem enviada no canal autorizado, ainda sem retorno do representante."
INT000933,PJ0317,2026-03-11,email,receptiva,intencao_pagamento,Empresa informou fluxo de caixa previsto e pediu envio das opções no portal.
INT000934,PJ0317,2026-04-27,email,ativa,dificuldade_temporaria,Empresa informou sazonalidade no caixa e pediu parcelas alinhadas aos recebíveis.
INT000935,PJ0318,2026-01-30,telefone,ativa,intencao_pagamento,Representante confirmou intenção de pagamento após recebimento de cliente relevante.
INT000938,PJ0319,2026-01-15,whatsapp,ativa,intencao_pagamento,Representante confirmou intenção de pagamento após recebimento de cliente relevante.
INT000937,PJ0319,2026-01-19,telefone,ativa,dificuldade_temporaria,Representante relatou atraso pontual de um comprador e solicitou nova condição.
INT000936,PJ0319,2026-01-22,whatsapp,ativa,promessa_registrada,Cliente confirmou data e valor para pagamento parcial pelo portal.
INT000940,PJ0319,2026-02-05,whatsapp,ativa,dificuldade_temporaria,Representante relatou atraso pontual de um comprador e solicitou nova condição.
INT000939,PJ0319,2026-02-12,telefone,ativa,recusa_oferta,Cliente considerou a parcela acima da capacidade atual e recusou a oferta.
INT000941,PJ0320,2026-02-22,email,ativa,intencao_pagamento,Representante confirmou intenção de pagamento após recebimento de cliente relevante.
INT000945,PJ0321,2025-12-18,telefone,ativa,intencao_pagamento,Empresa informou fluxo de caixa previsto e pediu envio das opções no portal.
INT000943,PJ0321,2025-12-31,whatsapp,ativa,sem_sucesso,"Mensagem enviada no canal autorizado, ainda sem retorno do representante."
INT000942,PJ0321,2026-01-26,portal,ativa,dificuldade_temporaria,Cliente relatou queda temporária de faturamento e interesse em parcelamento.
INT000944,PJ0321,2026-02-14,whatsapp,ativa,sem_sucesso,Tentativa sem sucesso; telefone chamou e não houve atendimento.
INT000946,PJ0321,2026-02-26,telefone,ativa,contestacao,Representante contestou o valor e solicitou validação do contrato antes de negociar.
INT000948,PJ0322,2026-05-14,whatsapp,ativa,promessa_registrada,"Promessa de pagamento registrada para os próximos dias, aguardando acompanhamento."
INT000947,PJ0322,2026-06-20,telefone,ativa,intencao_pagamento,Cliente reconheceu o débito e solicitou prazo curto para organizar o pagamento.
INT000951,PJ0323,2026-04-27,whatsapp,ativa,sem_sucesso,Tentativa sem sucesso; telefone chamou e não houve atendimento.
INT000952,PJ0323,2026-04-28,telefone,ativa,dificuldade_temporaria,Empresa informou sazonalidade no caixa e pediu parcelas alinhadas aos recebíveis.
INT000950,PJ0323,2026-05-31,whatsapp,ativa,recuperacao_judicial,Representante informou processo de recuperação judicial; caso requer equipe especializada.
INT000949,PJ0323,2026-06-01,email,ativa,dificuldade_temporaria,Representante relatou atraso pontual de um comprador e solicitou nova condição.
INT000953,PJ0323,2026-06-29,portal,ativa,contestacao,Cliente informou divergência no saldo; negociação interrompida para análise.
INT000954,PJ0324,2026-03-22,telefone,ativa,dificuldade_temporaria,Empresa informou sazonalidade no caixa e pediu parcelas alinhadas aos recebíveis.
INT000955,PJ0324,2026-04-28,telefone,receptiva,dificuldade_temporaria,Representante relatou atraso pontual de um comprador e solicitou nova condição.
INT000957,PJ0325,2026-01-13,whatsapp,ativa,sem_sucesso,Tentativa sem sucesso; telefone chamou e não houve atendimento.
INT000956,PJ0325,2026-03-23,whatsapp,receptiva,sem_sucesso,E-mail devolvido; necessário validar o endereço antes de nova tentativa.
INT000958,PJ0326,2025-11-21,portal,ativa,sem_sucesso,Tentativa sem sucesso; telefone chamou e não houve atendimento.
INT000962,PJ0326,2025-11-21,whatsapp,ativa,sem_sucesso,E-mail devolvido; necessário validar o endereço antes de nova tentativa.
INT000961,PJ0326,2025-12-03,telefone,ativa,dificuldade_temporaria,Representante relatou atraso pontual de um comprador e solicitou nova condição.
INT000960,PJ0326,2025-12-06,telefone,receptiva,sem_sucesso,E-mail devolvido; necessário validar o endereço antes de nova tentativa.
INT000959,PJ0326,2025-12-20,telefone,ativa,recuperacao_judicial,Representante informou processo de recuperação judicial; caso requer equipe especializada.
INT000963,PJ0327,2026-02-20,email,ativa,sem_sucesso,"Mensagem enviada no canal autorizado, ainda sem retorno do representante."
INT000964,PJ0327,2026-04-10,portal,ativa,recusa_oferta,Proposta apresentada não foi aceita; solicitado novo contato após revisão do caixa.
INT000965,PJ0327,2026-04-20,telefone,ativa,recusa_oferta,Cliente considerou a parcela acima da capacidade atual e recusou a oferta.
INT000966,PJ0327,2026-04-28,whatsapp,ativa,intencao_pagamento,Representante confirmou intenção de pagamento após recebimento de cliente relevante.
INT000967,PJ0328,2026-02-21,whatsapp,ativa,sem_sucesso,Tentativa sem sucesso; telefone chamou e não houve atendimento.
INT000968,PJ0329,2026-04-08,whatsapp,ativa,sem_sucesso,E-mail devolvido; necessário validar o endereço antes de nova tentativa.
INT000969,PJ0329,2026-05-09,whatsapp,ativa,dificuldade_temporaria,Cliente relatou queda temporária de faturamento e interesse em parcelamento.
INT000973,PJ0330,2026-03-09,email,ativa,contestacao,Cliente informou divergência no saldo; negociação interrompida para análise.
INT000972,PJ0330,2026-03-12,whatsapp,ativa,promessa_registrada,Cliente confirmou data e valor para pagamento parcial pelo portal.
INT000970,PJ0330,2026-04-04,portal,receptiva,intencao_pagamento,Representante confirmou intenção de pagamento após recebimento de cliente relevante.
INT000971,PJ0330,2026-04-05,whatsapp,ativa,promessa_registrada,"Promessa de pagamento registrada para os próximos dias, aguardando acompanhamento."
INT000974,PJ0330,2026-04-26,email,ativa,promessa_registrada,"Promessa de pagamento registrada para os próximos dias, aguardando acompanhamento."
INT000976,PJ0331,2025-12-01,portal,receptiva,intencao_pagamento,Representante confirmou intenção de pagamento após recebimento de cliente relevante.
INT000975,PJ0331,2026-01-01,telefone,ativa,intencao_pagamento,Empresa informou fluxo de caixa previsto e pediu envio das opções no portal.
INT000979,PJ0332,2026-01-20,telefone,ativa,recusa_oferta,Cliente considerou a parcela acima da capacidade atual e recusou a oferta.
INT000978,PJ0332,2026-02-20,portal,ativa,sem_sucesso,Tentativa sem sucesso; telefone chamou e não houve atendimento.
INT000977,PJ0332,2026-03-01,portal,ativa,dificuldade_temporaria,Empresa informou sazonalidade no caixa e pediu parcelas alinhadas aos recebíveis.
INT000980,PJ0333,2026-01-25,email,ativa,sem_sucesso,Tentativa sem sucesso; telefone chamou e não houve atendimento.
INT000981,PJ0333,2026-01-30,whatsapp,ativa,dificuldade_temporaria,Representante relatou atraso pontual de um comprador e solicitou nova condição.
INT000983,PJ0334,2026-04-21,whatsapp,ativa,sem_sucesso,"Mensagem enviada no canal autorizado, ainda sem retorno do representante."
INT000982,PJ0334,2026-05-05,whatsapp,receptiva,recusa_oferta,Cliente considerou a parcela acima da capacidade atual e recusou a oferta.
INT000984,PJ0335,2026-02-14,telefone,ativa,sem_sucesso,Tentativa sem sucesso; telefone chamou e não houve atendimento.
INT000985,PJ0335,2026-02-14,portal,receptiva,promessa_registrada,"Promessa de pagamento registrada para os próximos dias, aguardando acompanhamento."
INT000986,PJ0335,2026-03-14,email,ativa,sem_sucesso,Tentativa sem sucesso; telefone chamou e não houve atendimento.
INT000987,PJ0336,2026-04-25,telefone,receptiva,intencao_pagamento,Representante confirmou intenção de pagamento após recebimento de cliente relevante.
INT000988,PJ0336,2026-05-09,email,receptiva,intencao_pagamento,Empresa informou fluxo de caixa previsto e pediu envio das opções no portal.
INT000989,PJ0336,2026-05-24,whatsapp,ativa,intencao_pagamento,Representante confirmou intenção de pagamento após recebimento de cliente relevante.
INT000990,PJ0336,2026-05-24,telefone,ativa,recusa_oferta,Cliente considerou a parcela acima da capacidade atual e recusou a oferta.
INT000992,PJ0337,2026-02-22,whatsapp,ativa,contestacao,Representante contestou o valor e solicitou validação do contrato antes de negociar.
INT000991,PJ0337,2026-04-23,email,receptiva,intencao_pagamento,Representante confirmou intenção de pagamento após recebimento de cliente relevante.
INT000993,PJ0338,2026-04-04,telefone,ativa,sem_sucesso,"Mensagem enviada no canal autorizado, ainda sem retorno do representante."
INT000997,PJ0339,2026-01-31,email,receptiva,sem_sucesso,"Mensagem enviada no canal autorizado, ainda sem retorno do representante."
INT000996,PJ0339,2026-02-10,portal,ativa,dificuldade_temporaria,Empresa informou sazonalidade no caixa e pediu parcelas alinhadas aos recebíveis.
INT000995,PJ0339,2026-03-03,whatsapp,receptiva,dificuldade_temporaria,Empresa informou sazonalidade no caixa e pediu parcelas alinhadas aos recebíveis.
INT000994,PJ0339,2026-03-11,telefone,ativa,recusa_oferta,Proposta apresentada não foi aceita; solicitado novo contato após revisão do caixa.
INT000998,PJ0340,2026-04-25,telefone,ativa,sem_sucesso,"Mensagem enviada no canal autorizado, ainda sem retorno do representante."
INT000999,PJ0340,2026-04-26,telefone,ativa,recusa_oferta,Proposta apresentada não foi aceita; solicitado novo contato após revisão do caixa.
INT001000,PJ0341,2026-03-14,telefone,receptiva,intencao_pagamento,Representante confirmou intenção de pagamento após recebimento de cliente relevante.
INT001001,PJ0342,2026-02-03,whatsapp,ativa,intencao_pagamento,Cliente reconheceu o débito e solicitou prazo curto para organizar o pagamento.
INT001003,PJ0343,2026-01-18,telefone,receptiva,sem_sucesso,"Mensagem enviada no canal autorizado, ainda sem retorno do representante."
INT001002,PJ0343,2026-01-26,telefone,receptiva,dificuldade_temporaria,Representante relatou atraso pontual de um comprador e solicitou nova condição.
INT001004,PJ0343,2026-02-22,whatsapp,ativa,recusa_oferta,Proposta apresentada não foi aceita; solicitado novo contato após revisão do caixa.
INT001005,PJ0344,2026-05-20,portal,ativa,dificuldade_temporaria,Empresa informou sazonalidade no caixa e pediu parcelas alinhadas aos recebíveis.
INT001010,PJ0345,2026-03-04,email,ativa,promessa_registrada,Cliente confirmou data e valor para pagamento parcial pelo portal.
INT001008,PJ0345,2026-03-05,telefone,ativa,recusa_oferta,Cliente considerou a parcela acima da capacidade atual e recusou a oferta.
INT001009,PJ0345,2026-03-07,whatsapp,ativa,intencao_pagamento,Representante confirmou intenção de pagamento após recebimento de cliente relevante.
INT001007,PJ0345,2026-03-26,whatsapp,ativa,intencao_pagamento,Cliente reconheceu o débito e solicitou prazo curto para organizar o pagamento.
INT001006,PJ0345,2026-04-04,email,ativa,sem_sucesso,E-mail devolvido; necessário validar o endereço antes de nova tentativa.
INT001011,PJ0346,2026-02-02,whatsapp,ativa,sem_sucesso,"Mensagem enviada no canal autorizado, ainda sem retorno do representante."
INT001012,PJ0347,2026-04-29,email,ativa,sem_sucesso,E-mail devolvido; necessário validar o endereço antes de nova tentativa.
INT001016,PJ0347,2026-05-01,email,ativa,sem_sucesso,Tentativa sem sucesso; telefone chamou e não houve atendimento.
INT001014,PJ0347,2026-05-17,email,ativa,intencao_pagamento,Representante confirmou intenção de pagamento após recebimento de cliente relevante.
INT001015,PJ0347,2026-06-08,portal,ativa,sem_sucesso,Tentativa sem sucesso; telefone chamou e não houve atendimento.
INT001013,PJ0347,2026-06-15,portal,ativa,sem_sucesso,E-mail devolvido; necessário validar o endereço antes de nova tentativa.
INT001019,PJ0348,2026-01-13,whatsapp,ativa,dificuldade_temporaria,Cliente relatou queda temporária de faturamento e interesse em parcelamento.
INT001020,PJ0348,2026-01-20,telefone,ativa,intencao_pagamento,Empresa informou fluxo de caixa previsto e pediu envio das opções no portal.
INT001021,PJ0348,2026-01-22,telefone,receptiva,intencao_pagamento,Cliente reconheceu o débito e solicitou prazo curto para organizar o pagamento.
INT001017,PJ0348,2026-02-01,email,ativa,promessa_registrada,Cliente confirmou data e valor para pagamento parcial pelo portal.
INT001018,PJ0348,2026-03-02,email,ativa,sem_sucesso,E-mail devolvido; necessário validar o endereço antes de nova tentativa.
INT001022,PJ0349,2026-01-21,whatsapp,receptiva,dificuldade_temporaria,Cliente relatou queda temporária de faturamento e interesse em parcelamento.
INT001027,PJ0350,2026-01-27,telefone,ativa,recusa_oferta,Proposta apresentada não foi aceita; solicitado novo contato após revisão do caixa.
INT001025,PJ0350,2026-02-21,portal,ativa,dificuldade_temporaria,Cliente relatou queda temporária de faturamento e interesse em parcelamento.
INT001026,PJ0350,2026-03-01,telefone,receptiva,promessa_registrada,Cliente confirmou data e valor para pagamento parcial pelo portal.
INT001023,PJ0350,2026-03-07,email,ativa,sem_sucesso,E-mail devolvido; necessário validar o endereço antes de nova tentativa.
INT001024,PJ0350,2026-03-21,telefone,ativa,sem_sucesso,Tentativa sem sucesso; telefone chamou e não houve atendimento.
INT001028,PJ0351,2026-04-22,portal,ativa,sem_sucesso,Tentativa sem sucesso; telefone chamou e não houve atendimento.
INT001031,PJ0351,2026-05-11,whatsapp,ativa,contestacao,Cliente informou divergência no saldo; negociação interrompida para análise.
INT001030,PJ0351,2026-06-12,telefone,ativa,promessa_registrada,Cliente confirmou data e valor para pagamento parcial pelo portal.
INT001029,PJ0351,2026-06-23,portal,ativa,intencao_pagamento,Representante confirmou intenção de pagamento após recebimento de cliente relevante.
INT001036,PJ0352,2026-01-21,email,receptiva,promessa_registrada,Cliente confirmou data e valor para pagamento parcial pelo portal.
INT001032,PJ0352,2026-01-30,telefone,ativa,contestacao,Cliente informou divergência no saldo; negociação interrompida para análise.
INT001035,PJ0352,2026-02-02,email,ativa,sem_sucesso,Tentativa sem sucesso; telefone chamou e não houve atendimento.
INT001033,PJ0352,2026-02-11,whatsapp,ativa,sem_sucesso,E-mail devolvido; necessário validar o endereço antes de nova tentativa.
INT001034,PJ0352,2026-03-03,telefone,receptiva,recusa_oferta,Proposta apresentada não foi aceita; solicitado novo contato após revisão do caixa.
INT001037,PJ0353,2026-06-28,telefone,ativa,sem_sucesso,E-mail devolvido; necessário validar o endereço antes de nova tentativa.
INT001038,PJ0354,2026-03-31,telefone,ativa,sem_sucesso,Tentativa sem sucesso; telefone chamou e não houve atendimento.
INT001039,PJ0355,2025-12-10,portal,ativa,recusa_oferta,Proposta apresentada não foi aceita; solicitado novo contato após revisão do caixa.
INT001043,PJ0356,2026-04-20,telefone,ativa,intencao_pagamento,Representante confirmou intenção de pagamento após recebimento de cliente relevante.
INT001040,PJ0356,2026-04-23,telefone,ativa,dificuldade_temporaria,Empresa informou sazonalidade no caixa e pediu parcelas alinhadas aos recebíveis.
INT001042,PJ0356,2026-05-22,whatsapp,ativa,sem_sucesso,"Mensagem enviada no canal autorizado, ainda sem retorno do representante."
INT001041,PJ0356,2026-06-04,telefone,ativa,dificuldade_temporaria,Representante relatou atraso pontual de um comprador e solicitou nova condição.
INT001044,PJ0357,2026-02-18,email,receptiva,dificuldade_temporaria,Cliente relatou queda temporária de faturamento e interesse em parcelamento.
INT001045,PJ0358,2026-01-15,portal,ativa,sem_sucesso,Tentativa sem sucesso; telefone chamou e não houve atendimento.
INT001046,PJ0358,2026-02-04,telefone,ativa,sem_sucesso,E-mail devolvido; necessário validar o endereço antes de nova tentativa.
INT001047,PJ0359,2026-01-07,portal,receptiva,dificuldade_temporaria,Representante relatou atraso pontual de um comprador e solicitou nova condição.
INT001048,PJ0360,2026-05-12,telefone,receptiva,dificuldade_temporaria,Empresa informou sazonalidade no caixa e pediu parcelas alinhadas aos recebíveis.
INT001049,PJ0361,2025-11-27,whatsapp,ativa,promessa_registrada,"Promessa de pagamento registrada para os próximos dias, aguardando acompanhamento."
INT001050,PJ0361,2026-01-23,telefone,ativa,sem_sucesso,E-mail devolvido; necessário validar o endereço antes de nova tentativa.
INT001051,PJ0362,2026-02-14,whatsapp,ativa,dificuldade_temporaria,Representante relatou atraso pontual de um comprador e solicitou nova condição.
INT001052,PJ0363,2026-01-28,email,ativa,promessa_registrada,Cliente confirmou data e valor para pagamento parcial pelo portal.
INT001054,PJ0363,2026-02-08,whatsapp,ativa,recuperacao_judicial,Representante informou processo de recuperação judicial; caso requer equipe especializada.
INT001055,PJ0363,2026-02-15,whatsapp,ativa,intencao_pagamento,Cliente reconheceu o débito e solicitou prazo curto para organizar o pagamento.
INT001056,PJ0363,2026-02-22,whatsapp,ativa,promessa_registrada,Cliente confirmou data e valor para pagamento parcial pelo portal.
INT001053,PJ0363,2026-03-18,telefone,ativa,sem_sucesso,Tentativa sem sucesso; telefone chamou e não houve atendimento.
INT001058,PJ0364,2026-05-26,whatsapp,ativa,dificuldade_temporaria,Cliente relatou queda temporária de faturamento e interesse em parcelamento.
INT001057,PJ0364,2026-06-27,email,ativa,sem_sucesso,E-mail devolvido; necessário validar o endereço antes de nova tentativa.
INT001059,PJ0365,2026-05-07,telefone,ativa,dificuldade_temporaria,Cliente relatou queda temporária de faturamento e interesse em parcelamento.
INT001060,PJ0365,2026-06-26,telefone,ativa,sem_sucesso,E-mail devolvido; necessário validar o endereço antes de nova tentativa.
INT001063,PJ0366,2025-12-15,whatsapp,ativa,recusa_oferta,Proposta apresentada não foi aceita; solicitado novo contato após revisão do caixa.
INT001064,PJ0366,2026-01-04,portal,receptiva,recusa_oferta,Cliente considerou a parcela acima da capacidade atual e recusou a oferta.
INT001062,PJ0366,2026-01-14,telefone,ativa,intencao_pagamento,Cliente reconheceu o débito e solicitou prazo curto para organizar o pagamento.
INT001061,PJ0366,2026-02-06,email,ativa,promessa_registrada,"Promessa de pagamento registrada para os próximos dias, aguardando acompanhamento."
INT001066,PJ0367,2026-06-03,telefone,ativa,promessa_registrada,Cliente confirmou data e valor para pagamento parcial pelo portal.
INT001065,PJ0367,2026-06-26,telefone,ativa,sem_sucesso,"Mensagem enviada no canal autorizado, ainda sem retorno do representante."
INT001071,PJ0368,2026-02-14,email,ativa,sem_sucesso,Tentativa sem sucesso; telefone chamou e não houve atendimento.
INT001067,PJ0368,2026-02-18,telefone,ativa,promessa_registrada,"Promessa de pagamento registrada para os próximos dias, aguardando acompanhamento."
INT001070,PJ0368,2026-03-01,telefone,ativa,sem_sucesso,"Mensagem enviada no canal autorizado, ainda sem retorno do representante."
INT001069,PJ0368,2026-03-14,email,ativa,sem_sucesso,"Mensagem enviada no canal autorizado, ainda sem retorno do representante."
INT001068,PJ0368,2026-03-26,telefone,ativa,intencao_pagamento,Representante confirmou intenção de pagamento após recebimento de cliente relevante.
INT001072,PJ0369,2026-01-19,whatsapp,ativa,dificuldade_temporaria,Representante relatou atraso pontual de um comprador e solicitou nova condição.
INT001073,PJ0370,2026-03-29,portal,ativa,sem_sucesso,E-mail devolvido; necessário validar o endereço antes de nova tentativa.
INT001074,PJ0370,2026-04-02,whatsapp,ativa,sem_sucesso,E-mail devolvido; necessário validar o endereço antes de nova tentativa.
INT001075,PJ0370,2026-04-25,telefone,ativa,contestacao,Cliente informou divergência no saldo; negociação interrompida para análise.
INT001077,PJ0371,2026-02-10,telefone,ativa,sem_sucesso,"Mensagem enviada no canal autorizado, ainda sem retorno do representante."
INT001076,PJ0371,2026-03-09,email,receptiva,sem_sucesso,Tentativa sem sucesso; telefone chamou e não houve atendimento.
INT001079,PJ0372,2026-03-26,telefone,ativa,promessa_registrada,Cliente confirmou data e valor para pagamento parcial pelo portal.
INT001078,PJ0372,2026-04-28,whatsapp,receptiva,sem_sucesso,"Mensagem enviada no canal autorizado, ainda sem retorno do representante."
INT001080,PJ0372,2026-05-11,email,receptiva,sem_sucesso,E-mail devolvido; necessário validar o endereço antes de nova tentativa.
INT001083,PJ0373,2025-12-16,telefone,ativa,contestacao,Cliente informou divergência no saldo; negociação interrompida para análise.
INT001082,PJ0373,2025-12-23,portal,ativa,promessa_registrada,Cliente confirmou data e valor para pagamento parcial pelo portal.
INT001084,PJ0373,2026-01-04,email,receptiva,promessa_registrada,"Promessa de pagamento registrada para os próximos dias, aguardando acompanhamento."
INT001081,PJ0373,2026-01-08,telefone,ativa,sem_sucesso,E-mail devolvido; necessário validar o endereço antes de nova tentativa.
INT001085,PJ0373,2026-01-12,whatsapp,ativa,dificuldade_temporaria,Cliente relatou queda temporária de faturamento e interesse em parcelamento.
INT001086,PJ0374,2026-04-20,email,ativa,sem_sucesso,"Mensagem enviada no canal autorizado, ainda sem retorno do representante."
INT001087,PJ0374,2026-05-08,portal,ativa,sem_sucesso,E-mail devolvido; necessário validar o endereço antes de nova tentativa.
INT001092,PJ0375,2026-01-07,telefone,ativa,intencao_pagamento,Representante confirmou intenção de pagamento após recebimento de cliente relevante.
INT001091,PJ0375,2026-01-11,telefone,ativa,dificuldade_temporaria,Empresa informou sazonalidade no caixa e pediu parcelas alinhadas aos recebíveis.
INT001088,PJ0375,2026-01-15,telefone,ativa,intencao_pagamento,Empresa informou fluxo de caixa previsto e pediu envio das opções no portal.
INT001090,PJ0375,2026-01-29,telefone,ativa,sem_sucesso,"Mensagem enviada no canal autorizado, ainda sem retorno do representante."
INT001089,PJ0375,2026-02-23,portal,ativa,promessa_registrada,"Promessa de pagamento registrada para os próximos dias, aguardando acompanhamento."
INT001095,PJ0376,2026-01-20,email,ativa,sem_sucesso,"Mensagem enviada no canal autorizado, ainda sem retorno do representante."
INT001093,PJ0376,2026-02-07,telefone,ativa,promessa_registrada,Cliente confirmou data e valor para pagamento parcial pelo portal.
INT001094,PJ0376,2026-02-18,email,ativa,intencao_pagamento,Cliente reconheceu o débito e solicitou prazo curto para organizar o pagamento.
INT001100,PJ0377,2025-12-04,email,ativa,sem_sucesso,"Mensagem enviada no canal autorizado, ainda sem retorno do representante."
INT001099,PJ0377,2025-12-06,portal,receptiva,dificuldade_temporaria,Cliente relatou queda temporária de faturamento e interesse em parcelamento.
INT001096,PJ0377,2025-12-18,email,receptiva,sem_sucesso,E-mail devolvido; necessário validar o endereço antes de nova tentativa.
INT001097,PJ0377,2026-01-04,email,ativa,dificuldade_temporaria,Representante relatou atraso pontual de um comprador e solicitou nova condição.
INT001098,PJ0377,2026-01-23,whatsapp,ativa,dificuldade_temporaria,Cliente relatou queda temporária de faturamento e interesse em parcelamento.
INT001101,PJ0378,2026-05-31,whatsapp,receptiva,dificuldade_temporaria,Empresa informou sazonalidade no caixa e pediu parcelas alinhadas aos recebíveis.
INT001102,PJ0379,2026-06-01,whatsapp,ativa,sem_sucesso,"Mensagem enviada no canal autorizado, ainda sem retorno do representante."
INT001105,PJ0379,2026-06-11,telefone,ativa,promessa_registrada,"Promessa de pagamento registrada para os próximos dias, aguardando acompanhamento."
INT001103,PJ0379,2026-06-16,email,receptiva,dificuldade_temporaria,Cliente relatou queda temporária de faturamento e interesse em parcelamento.
INT001104,PJ0379,2026-06-29,portal,ativa,dificuldade_temporaria,Representante relatou atraso pontual de um comprador e solicitou nova condição.
INT001106,PJ0380,2026-05-03,portal,ativa,sem_sucesso,"Mensagem enviada no canal autorizado, ainda sem retorno do representante."
INT001108,PJ0380,2026-05-21,email,receptiva,dificuldade_temporaria,Representante relatou atraso pontual de um comprador e solicitou nova condição.
INT001109,PJ0380,2026-06-26,telefone,ativa,recusa_oferta,Proposta apresentada não foi aceita; solicitado novo contato após revisão do caixa.
INT001107,PJ0380,2026-06-27,portal,ativa,recusa_oferta,Cliente considerou a parcela acima da capacidade atual e recusou a oferta.
INT001110,PJ0381,2026-05-27,email,receptiva,sem_sucesso,Tentativa sem sucesso; telefone chamou e não houve atendimento.
INT001112,PJ0382,2026-03-21,whatsapp,receptiva,recuperacao_judicial,Representante informou processo de recuperação judicial; caso requer equipe especializada.
INT001114,PJ0382,2026-04-02,email,ativa,dificuldade_temporaria,Empresa informou sazonalidade no caixa e pediu parcelas alinhadas aos recebíveis.
INT001111,PJ0382,2026-04-05,portal,ativa,intencao_pagamento,Cliente reconheceu o débito e solicitou prazo curto para organizar o pagamento.
INT001113,PJ0382,2026-04-07,telefone,ativa,promessa_registrada,"Promessa de pagamento registrada para os próximos dias, aguardando acompanhamento."
INT001115,PJ0382,2026-04-27,telefone,ativa,dificuldade_temporaria,Representante relatou atraso pontual de um comprador e solicitou nova condição.
INT001118,PJ0383,2025-11-14,portal,receptiva,dificuldade_temporaria,Representante relatou atraso pontual de um comprador e solicitou nova condição.
INT001116,PJ0383,2025-11-27,telefone,receptiva,promessa_registrada,"Promessa de pagamento registrada para os próximos dias, aguardando acompanhamento."
INT001117,PJ0383,2025-12-05,email,ativa,intencao_pagamento,Representante confirmou intenção de pagamento após recebimento de cliente relevante.
INT001120,PJ0383,2025-12-08,telefone,receptiva,promessa_registrada,"Promessa de pagamento registrada para os próximos dias, aguardando acompanhamento."
INT001119,PJ0383,2025-12-18,telefone,ativa,promessa_registrada,"Promessa de pagamento registrada para os próximos dias, aguardando acompanhamento."
INT001122,PJ0384,2026-05-02,whatsapp,ativa,recuperacao_judicial,Representante informou processo de recuperação judicial; caso requer equipe especializada.
INT001124,PJ0384,2026-05-28,email,ativa,dificuldade_temporaria,Cliente relatou queda temporária de faturamento e interesse em parcelamento.
INT001123,PJ0384,2026-06-06,whatsapp,receptiva,promessa_registrada,"Promessa de pagamento registrada para os próximos dias, aguardando acompanhamento."
INT001121,PJ0384,2026-06-22,whatsapp,receptiva,promessa_registrada,Cliente confirmou data e valor para pagamento parcial pelo portal.
INT001125,PJ0385,2026-04-22,telefone,ativa,intencao_pagamento,Cliente reconheceu o débito e solicitou prazo curto para organizar o pagamento.
INT001126,PJ0385,2026-04-30,telefone,ativa,promessa_registrada,"Promessa de pagamento registrada para os próximos dias, aguardando acompanhamento."
INT001127,PJ0385,2026-06-19,telefone,ativa,dificuldade_temporaria,Representante relatou atraso pontual de um comprador e solicitou nova condição.
INT001128,PJ0386,2025-12-04,telefone,ativa,recusa_oferta,Cliente considerou a parcela acima da capacidade atual e recusou a oferta.
INT001129,PJ0387,2026-04-03,whatsapp,receptiva,promessa_registrada,Cliente confirmou data e valor para pagamento parcial pelo portal.
INT001130,PJ0387,2026-04-18,portal,ativa,sem_sucesso,E-mail devolvido; necessário validar o endereço antes de nova tentativa.
INT001131,PJ0387,2026-04-19,whatsapp,ativa,sem_sucesso,Tentativa sem sucesso; telefone chamou e não houve atendimento.
INT001132,PJ0387,2026-04-21,email,ativa,recuperacao_judicial,Representante informou processo de recuperação judicial; caso requer equipe especializada.
INT001133,PJ0388,2025-12-07,email,ativa,promessa_registrada,Cliente confirmou data e valor para pagamento parcial pelo portal.
INT001134,PJ0389,2026-04-25,whatsapp,ativa,intencao_pagamento,Cliente reconheceu o débito e solicitou prazo curto para organizar o pagamento.
INT001135,PJ0389,2026-06-04,email,ativa,intencao_pagamento,Representante confirmou intenção de pagamento após recebimento de cliente relevante.
INT001137,PJ0389,2026-06-26,email,receptiva,sem_sucesso,"Mensagem enviada no canal autorizado, ainda sem retorno do representante."
INT001136,PJ0389,2026-06-29,email,ativa,contestacao,Representante contestou o valor e solicitou validação do contrato antes de negociar.
INT001138,PJ0390,2026-03-31,whatsapp,ativa,dificuldade_temporaria,Empresa informou sazonalidade no caixa e pediu parcelas alinhadas aos recebíveis.
INT001139,PJ0390,2026-04-12,email,receptiva,dificuldade_temporaria,Representante relatou atraso pontual de um comprador e solicitou nova condição.
INT001141,PJ0390,2026-05-04,email,receptiva,promessa_registrada,Cliente confirmou data e valor para pagamento parcial pelo portal.
INT001142,PJ0390,2026-05-09,whatsapp,receptiva,intencao_pagamento,Empresa informou fluxo de caixa previsto e pediu envio das opções no portal.
INT001140,PJ0390,2026-05-22,email,ativa,recusa_oferta,Proposta apresentada não foi aceita; solicitado novo contato após revisão do caixa.
INT001145,PJ0391,2026-04-19,telefone,ativa,sem_sucesso,E-mail devolvido; necessário validar o endereço antes de nova tentativa.
INT001144,PJ0391,2026-05-06,email,ativa,intencao_pagamento,Representante confirmou intenção de pagamento após recebimento de cliente relevante.
INT001143,PJ0391,2026-05-25,email,ativa,intencao_pagamento,Representante confirmou intenção de pagamento após recebimento de cliente relevante.
INT001146,PJ0392,2026-04-28,telefone,ativa,recusa_oferta,Cliente considerou a parcela acima da capacidade atual e recusou a oferta.
INT001147,PJ0393,2026-01-05,whatsapp,ativa,intencao_pagamento,Representante confirmou intenção de pagamento após recebimento de cliente relevante.
INT001149,PJ0394,2026-04-02,telefone,receptiva,sem_sucesso,Tentativa sem sucesso; telefone chamou e não houve atendimento.
INT001148,PJ0394,2026-05-16,telefone,ativa,promessa_registrada,Cliente confirmou data e valor para pagamento parcial pelo portal.
INT001152,PJ0395,2026-02-14,telefone,receptiva,intencao_pagamento,Empresa informou fluxo de caixa previsto e pediu envio das opções no portal.
INT001150,PJ0395,2026-03-12,whatsapp,receptiva,dificuldade_temporaria,Empresa informou sazonalidade no caixa e pediu parcelas alinhadas aos recebíveis.
INT001151,PJ0395,2026-03-28,whatsapp,ativa,sem_sucesso,Tentativa sem sucesso; telefone chamou e não houve atendimento.
INT001153,PJ0395,2026-04-02,telefone,receptiva,recusa_oferta,Cliente considerou a parcela acima da capacidade atual e recusou a oferta.
INT001157,PJ0396,2026-04-18,email,receptiva,sem_sucesso,"Mensagem enviada no canal autorizado, ainda sem retorno do representante."
INT001155,PJ0396,2026-04-29,whatsapp,ativa,sem_sucesso,"Mensagem enviada no canal autorizado, ainda sem retorno do representante."
INT001154,PJ0396,2026-06-02,telefone,ativa,sem_sucesso,"Mensagem enviada no canal autorizado, ainda sem retorno do representante."
INT001156,PJ0396,2026-06-14,whatsapp,receptiva,dificuldade_temporaria,Representante relatou atraso pontual de um comprador e solicitou nova condição.
INT001160,PJ0397,2026-03-26,email,ativa,sem_sucesso,E-mail devolvido; necessário validar o endereço antes de nova tentativa.
INT001162,PJ0397,2026-04-09,telefone,ativa,intencao_pagamento,Cliente reconheceu o débito e solicitou prazo curto para organizar o pagamento.
INT001159,PJ0397,2026-04-10,whatsapp,ativa,promessa_registrada,"Promessa de pagamento registrada para os próximos dias, aguardando acompanhamento."
INT001161,PJ0397,2026-04-21,telefone,ativa,recusa_oferta,Proposta apresentada não foi aceita; solicitado novo contato após revisão do caixa.
INT001158,PJ0397,2026-05-03,telefone,ativa,intencao_pagamento,Representante confirmou intenção de pagamento após recebimento de cliente relevante.
INT001166,PJ0398,2026-01-24,email,ativa,recusa_oferta,Proposta apresentada não foi aceita; solicitado novo contato após revisão do caixa.
INT001163,PJ0398,2026-01-28,whatsapp,ativa,recusa_oferta,Proposta apresentada não foi aceita; solicitado novo contato após revisão do caixa.
INT001167,PJ0398,2026-02-16,whatsapp,ativa,intencao_pagamento,Empresa informou fluxo de caixa previsto e pediu envio das opções no portal.
INT001165,PJ0398,2026-02-19,whatsapp,ativa,promessa_registrada,"Promessa de pagamento registrada para os próximos dias, aguardando acompanhamento."
INT001164,PJ0398,2026-03-24,whatsapp,ativa,dificuldade_temporaria,Cliente relatou queda temporária de faturamento e interesse em parcelamento.
INT001170,PJ0399,2026-04-23,portal,receptiva,sem_sucesso,E-mail devolvido; necessário validar o endereço antes de nova tentativa.
INT001169,PJ0399,2026-05-22,portal,receptiva,dificuldade_temporaria,Empresa informou sazonalidade no caixa e pediu parcelas alinhadas aos recebíveis.
INT001168,PJ0399,2026-05-27,email,ativa,recusa_oferta,Cliente considerou a parcela acima da capacidade atual e recusou a oferta.
INT001171,PJ0400,2026-03-06,email,receptiva,dificuldade_temporaria,Representante relatou atraso pontual de um comprador e solicitou nova condição.
INT001173,PJ0401,2026-04-24,email,ativa,promessa_registrada,Cliente confirmou data e valor para pagamento parcial pelo portal.
INT001175,PJ0401,2026-05-21,whatsapp,ativa,dificuldade_temporaria,Empresa informou sazonalidade no caixa e pediu parcelas alinhadas aos recebíveis.
INT001174,PJ0401,2026-05-24,email,ativa,sem_sucesso,E-mail devolvido; necessário validar o endereço antes de nova tentativa.
INT001172,PJ0401,2026-06-15,telefone,receptiva,sem_sucesso,Tentativa sem sucesso; telefone chamou e não houve atendimento.
INT001176,PJ0401,2026-06-25,whatsapp,receptiva,dificuldade_temporaria,Representante relatou atraso pontual de um comprador e solicitou nova condição.
INT001178,PJ0402,2026-02-05,email,ativa,dificuldade_temporaria,Representante relatou atraso pontual de um comprador e solicitou nova condição.
INT001179,PJ0402,2026-03-02,whatsapp,ativa,intencao_pagamento,Cliente reconheceu o débito e solicitou prazo curto para organizar o pagamento.
INT001177,PJ0402,2026-03-24,telefone,ativa,intencao_pagamento,Representante confirmou intenção de pagamento após recebimento de cliente relevante.
INT001181,PJ0403,2026-01-28,whatsapp,ativa,promessa_registrada,Cliente confirmou data e valor para pagamento parcial pelo portal.
INT001180,PJ0403,2026-02-13,email,ativa,sem_sucesso,E-mail devolvido; necessário validar o endereço antes de nova tentativa.
INT001183,PJ0404,2025-12-29,telefone,ativa,dificuldade_temporaria,Cliente relatou queda temporária de faturamento e interesse em parcelamento.
INT001182,PJ0404,2026-01-02,whatsapp,receptiva,sem_sucesso,Tentativa sem sucesso; telefone chamou e não houve atendimento.
INT001184,PJ0405,2026-01-06,whatsapp,ativa,sem_sucesso,E-mail devolvido; necessário validar o endereço antes de nova tentativa.
INT001185,PJ0405,2026-01-12,telefone,receptiva,sem_sucesso,E-mail devolvido; necessário validar o endereço antes de nova tentativa.
INT001186,PJ0405,2026-02-21,whatsapp,ativa,dificuldade_temporaria,Representante relatou atraso pontual de um comprador e solicitou nova condição.
INT001191,PJ0406,2026-02-28,email,ativa,sem_sucesso,Tentativa sem sucesso; telefone chamou e não houve atendimento.
INT001188,PJ0406,2026-03-13,portal,ativa,intencao_pagamento,Cliente reconheceu o débito e solicitou prazo curto para organizar o pagamento.
INT001187,PJ0406,2026-03-17,portal,ativa,intencao_pagamento,Representante confirmou intenção de pagamento após recebimento de cliente relevante.
INT001190,PJ0406,2026-03-19,portal,ativa,sem_sucesso,E-mail devolvido; necessário validar o endereço antes de nova tentativa.
INT001189,PJ0406,2026-04-20,whatsapp,ativa,sem_sucesso,"Mensagem enviada no canal autorizado, ainda sem retorno do representante."
INT001193,PJ0407,2026-03-09,whatsapp,ativa,dificuldade_temporaria,Cliente relatou queda temporária de faturamento e interesse em parcelamento.
INT001194,PJ0407,2026-03-19,telefone,receptiva,sem_sucesso,E-mail devolvido; necessário validar o endereço antes de nova tentativa.
INT001192,PJ0407,2026-03-21,whatsapp,ativa,sem_sucesso,E-mail devolvido; necessário validar o endereço antes de nova tentativa.
INT001196,PJ0408,2026-01-21,whatsapp,ativa,sem_sucesso,Tentativa sem sucesso; telefone chamou e não houve atendimento.
INT001197,PJ0408,2026-01-26,portal,ativa,intencao_pagamento,Cliente reconheceu o débito e solicitou prazo curto para organizar o pagamento.
INT001195,PJ0408,2026-02-19,whatsapp,ativa,sem_sucesso,Tentativa sem sucesso; telefone chamou e não houve atendimento.
INT001198,PJ0409,2026-01-20,email,ativa,intencao_pagamento,Representante confirmou intenção de pagamento após recebimento de cliente relevante.
INT001199,PJ0410,2026-04-17,whatsapp,ativa,intencao_pagamento,Cliente reconheceu o débito e solicitou prazo curto para organizar o pagamento.
INT001200,PJ0411,2026-03-19,portal,receptiva,sem_sucesso,"Mensagem enviada no canal autorizado, ainda sem retorno do representante."
INT001201,PJ0411,2026-05-02,whatsapp,ativa,sem_sucesso,E-mail devolvido; necessário validar o endereço antes de nova tentativa.
INT001202,PJ0411,2026-05-24,portal,ativa,sem_sucesso,E-mail devolvido; necessário validar o endereço antes de nova tentativa.
INT001203,PJ0412,2026-02-11,whatsapp,ativa,sem_sucesso,"Mensagem enviada no canal autorizado, ainda sem retorno do representante."
INT001204,PJ0413,2026-01-17,whatsapp,receptiva,sem_sucesso,Tentativa sem sucesso; telefone chamou e não houve atendimento.
INT001207,PJ0414,2026-05-07,whatsapp,ativa,sem_sucesso,"Mensagem enviada no canal autorizado, ainda sem retorno do representante."
INT001208,PJ0414,2026-05-24,telefone,receptiva,sem_sucesso,"Mensagem enviada no canal autorizado, ainda sem retorno do representante."
INT001205,PJ0414,2026-06-14,whatsapp,ativa,dificuldade_temporaria,Representante relatou atraso pontual de um comprador e solicitou nova condição.
INT001206,PJ0414,2026-06-16,whatsapp,receptiva,intencao_pagamento,Cliente reconheceu o débito e solicitou prazo curto para organizar o pagamento.
INT001209,PJ0414,2026-06-26,email,ativa,dificuldade_temporaria,Representante relatou atraso pontual de um comprador e solicitou nova condição.
INT001211,PJ0415,2026-01-31,whatsapp,ativa,recusa_oferta,Cliente considerou a parcela acima da capacidade atual e recusou a oferta.
INT001210,PJ0415,2026-03-27,whatsapp,ativa,promessa_registrada,"Promessa de pagamento registrada para os próximos dias, aguardando acompanhamento."
INT001213,PJ0416,2026-01-14,telefone,receptiva,sem_sucesso,"Mensagem enviada no canal autorizado, ainda sem retorno do representante."
INT001212,PJ0416,2026-02-06,telefone,ativa,dificuldade_temporaria,Empresa informou sazonalidade no caixa e pediu parcelas alinhadas aos recebíveis.
INT001214,PJ0417,2026-02-25,email,receptiva,promessa_registrada,"Promessa de pagamento registrada para os próximos dias, aguardando acompanhamento."
INT001218,PJ0418,2026-03-23,whatsapp,ativa,contestacao,Representante contestou o valor e solicitou validação do contrato antes de negociar.
INT001216,PJ0418,2026-04-06,whatsapp,ativa,intencao_pagamento,Representante confirmou intenção de pagamento após recebimento de cliente relevante.
INT001217,PJ0418,2026-04-14,telefone,ativa,dificuldade_temporaria,Representante relatou atraso pontual de um comprador e solicitou nova condição.
INT001219,PJ0418,2026-04-18,whatsapp,receptiva,recusa_oferta,Proposta apresentada não foi aceita; solicitado novo contato após revisão do caixa.
INT001215,PJ0418,2026-05-04,portal,receptiva,dificuldade_temporaria,Representante relatou atraso pontual de um comprador e solicitou nova condição.
INT001220,PJ0419,2026-05-13,whatsapp,ativa,promessa_registrada,"Promessa de pagamento registrada para os próximos dias, aguardando acompanhamento."
INT001221,PJ0420,2026-01-24,telefone,ativa,sem_sucesso,"Mensagem enviada no canal autorizado, ainda sem retorno do representante."
INT001223,PJ0421,2025-12-20,email,ativa,intencao_pagamento,Empresa informou fluxo de caixa previsto e pediu envio das opções no portal.
INT001222,PJ0421,2026-02-19,email,ativa,recusa_oferta,Cliente considerou a parcela acima da capacidade atual e recusou a oferta.
INT001224,PJ0422,2026-02-27,telefone,ativa,sem_sucesso,"Mensagem enviada no canal autorizado, ainda sem retorno do representante."
INT001225,PJ0423,2026-03-24,whatsapp,ativa,intencao_pagamento,Cliente reconheceu o débito e solicitou prazo curto para organizar o pagamento.
INT001226,PJ0424,2026-02-21,email,receptiva,dificuldade_temporaria,Cliente relatou queda temporária de faturamento e interesse em parcelamento.
INT001227,PJ0425,2026-02-01,portal,ativa,intencao_pagamento,Representante confirmou intenção de pagamento após recebimento de cliente relevante.
INT001228,PJ0425,2026-02-15,whatsapp,ativa,contestacao,Representante contestou o valor e solicitou validação do contrato antes de negociar.
INT001229,PJ0425,2026-02-15,telefone,receptiva,intencao_pagamento,Representante confirmou intenção de pagamento após recebimento de cliente relevante.
INT001230,PJ0426,2026-02-09,telefone,ativa,sem_sucesso,"Mensagem enviada no canal autorizado, ainda sem retorno do representante."
INT001231,PJ0426,2026-02-20,whatsapp,ativa,recusa_oferta,Cliente considerou a parcela acima da capacidade atual e recusou a oferta.
INT001232,PJ0426,2026-02-25,email,ativa,dificuldade_temporaria,Empresa informou sazonalidade no caixa e pediu parcelas alinhadas aos recebíveis.
INT001233,PJ0426,2026-03-10,whatsapp,receptiva,dificuldade_temporaria,Representante relatou atraso pontual de um comprador e solicitou nova condição.
INT001234,PJ0426,2026-03-12,whatsapp,ativa,promessa_registrada,"Promessa de pagamento registrada para os próximos dias, aguardando acompanhamento."
INT001235,PJ0427,2026-01-15,telefone,ativa,sem_sucesso,E-mail devolvido; necessário validar o endereço antes de nova tentativa.
INT001236,PJ0427,2026-02-09,portal,ativa,intencao_pagamento,Representante confirmou intenção de pagamento após recebimento de cliente relevante.
INT001237,PJ0428,2025-11-25,whatsapp,ativa,dificuldade_temporaria,Representante relatou atraso pontual de um comprador e solicitou nova condição.
INT001238,PJ0428,2025-12-04,telefone,receptiva,dificuldade_temporaria,Cliente relatou queda temporária de faturamento e interesse em parcelamento.
INT001239,PJ0428,2025-12-23,whatsapp,ativa,promessa_registrada,"Promessa de pagamento registrada para os próximos dias, aguardando acompanhamento."
INT001240,PJ0429,2026-04-16,whatsapp,ativa,sem_sucesso,E-mail devolvido; necessário validar o endereço antes de nova tentativa.
INT001241,PJ0429,2026-06-06,email,receptiva,recusa_oferta,Cliente considerou a parcela acima da capacidade atual e recusou a oferta.
INT001242,PJ0429,2026-06-25,telefone,receptiva,recusa_oferta,Cliente considerou a parcela acima da capacidade atual e recusou a oferta.
INT001243,PJ0430,2026-04-04,portal,receptiva,recusa_oferta,Proposta apresentada não foi aceita; solicitado novo contato após revisão do caixa.
INT001244,PJ0431,2026-05-16,whatsapp,ativa,recusa_oferta,Proposta apresentada não foi aceita; solicitado novo contato após revisão do caixa.
INT001247,PJ0432,2025-11-17,email,ativa,intencao_pagamento,Empresa informou fluxo de caixa previsto e pediu envio das opções no portal.
INT001246,PJ0432,2025-11-27,email,ativa,sem_sucesso,"Mensagem enviada no canal autorizado, ainda sem retorno do representante."
INT001249,PJ0432,2025-12-18,email,ativa,intencao_pagamento,Representante confirmou intenção de pagamento após recebimento de cliente relevante.
INT001248,PJ0432,2025-12-27,email,ativa,sem_sucesso,"Mensagem enviada no canal autorizado, ainda sem retorno do representante."
INT001245,PJ0432,2026-01-06,telefone,ativa,sem_sucesso,"Mensagem enviada no canal autorizado, ainda sem retorno do representante."
INT001250,PJ0433,2026-03-26,telefone,ativa,sem_sucesso,E-mail devolvido; necessário validar o endereço antes de nova tentativa.
INT001251,PJ0434,2026-02-06,portal,ativa,dificuldade_temporaria,Empresa informou sazonalidade no caixa e pediu parcelas alinhadas aos recebíveis.
INT001253,PJ0435,2026-04-28,email,ativa,intencao_pagamento,Representante confirmou intenção de pagamento após recebimento de cliente relevante.
INT001252,PJ0435,2026-06-07,email,ativa,intencao_pagamento,Representante confirmou intenção de pagamento após recebimento de cliente relevante.
INT001255,PJ0436,2026-01-21,whatsapp,ativa,intencao_pagamento,Representante confirmou intenção de pagamento após recebimento de cliente relevante.
INT001256,PJ0436,2026-02-20,telefone,ativa,sem_sucesso,Tentativa sem sucesso; telefone chamou e não houve atendimento.
INT001254,PJ0436,2026-03-13,email,ativa,sem_sucesso,"Mensagem enviada no canal autorizado, ainda sem retorno do representante."
INT001257,PJ0437,2026-05-11,email,ativa,intencao_pagamento,Empresa informou fluxo de caixa previsto e pediu envio das opções no portal.
INT001258,PJ0438,2026-04-06,portal,ativa,sem_sucesso,E-mail devolvido; necessário validar o endereço antes de nova tentativa.
INT001259,PJ0439,2026-03-21,telefone,receptiva,recusa_oferta,Cliente considerou a parcela acima da capacidade atual e recusou a oferta.
INT001260,PJ0439,2026-04-12,telefone,ativa,promessa_registrada,"Promessa de pagamento registrada para os próximos dias, aguardando acompanhamento."
INT001261,PJ0439,2026-04-19,portal,receptiva,intencao_pagamento,Representante confirmou intenção de pagamento após recebimento de cliente relevante.
INT001263,PJ0440,2025-11-17,whatsapp,receptiva,dificuldade_temporaria,Representante relatou atraso pontual de um comprador e solicitou nova condição.
INT001264,PJ0440,2025-12-17,whatsapp,ativa,intencao_pagamento,Cliente reconheceu o débito e solicitou prazo curto para organizar o pagamento.
INT001265,PJ0440,2025-12-26,email,ativa,contestacao,Cliente informou divergência no saldo; negociação interrompida para análise.
INT001262,PJ0440,2025-12-28,whatsapp,ativa,sem_sucesso,"Mensagem enviada no canal autorizado, ainda sem retorno do representante."
INT001266,PJ0441,2026-01-20,telefone,receptiva,intencao_pagamento,Representante confirmou intenção de pagamento após recebimento de cliente relevante.
INT001267,PJ0441,2026-03-25,telefone,ativa,promessa_registrada,Cliente confirmou data e valor para pagamento parcial pelo portal.
INT001268,PJ0441,2026-03-26,email,ativa,intencao_pagamento,Representante confirmou intenção de pagamento após recebimento de cliente relevante.
INT001270,PJ0442,2026-02-14,email,ativa,sem_sucesso,Tentativa sem sucesso; telefone chamou e não houve atendimento.
INT001273,PJ0442,2026-02-14,email,ativa,sem_sucesso,E-mail devolvido; necessário validar o endereço antes de nova tentativa.
INT001269,PJ0442,2026-02-22,telefone,ativa,recusa_oferta,Proposta apresentada não foi aceita; solicitado novo contato após revisão do caixa.
INT001272,PJ0442,2026-03-04,email,ativa,sem_sucesso,E-mail devolvido; necessário validar o endereço antes de nova tentativa.
INT001271,PJ0442,2026-03-14,whatsapp,ativa,intencao_pagamento,Representante confirmou intenção de pagamento após recebimento de cliente relevante.
INT001274,PJ0443,2025-12-15,whatsapp,ativa,sem_sucesso,"Mensagem enviada no canal autorizado, ainda sem retorno do representante."
INT001277,PJ0444,2026-02-27,whatsapp,ativa,promessa_registrada,Cliente confirmou data e valor para pagamento parcial pelo portal.
INT001275,PJ0444,2026-03-22,telefone,receptiva,intencao_pagamento,Empresa informou fluxo de caixa previsto e pediu envio das opções no portal.
INT001276,PJ0444,2026-04-23,telefone,ativa,intencao_pagamento,Representante confirmou intenção de pagamento após recebimento de cliente relevante.
INT001280,PJ0445,2025-12-31,email,ativa,intencao_pagamento,Cliente reconheceu o débito e solicitou prazo curto para organizar o pagamento.
INT001279,PJ0445,2026-01-07,portal,receptiva,dificuldade_temporaria,Cliente relatou queda temporária de faturamento e interesse em parcelamento.
INT001278,PJ0445,2026-01-19,whatsapp,receptiva,contestacao,Cliente informou divergência no saldo; negociação interrompida para análise.
INT001282,PJ0445,2026-01-23,whatsapp,receptiva,recusa_oferta,Cliente considerou a parcela acima da capacidade atual e recusou a oferta.
INT001281,PJ0445,2026-01-27,telefone,receptiva,dificuldade_temporaria,Empresa informou sazonalidade no caixa e pediu parcelas alinhadas aos recebíveis.
INT001285,PJ0446,2026-03-25,whatsapp,ativa,promessa_registrada,"Promessa de pagamento registrada para os próximos dias, aguardando acompanhamento."
INT001284,PJ0446,2026-04-18,telefone,receptiva,intencao_pagamento,Representante confirmou intenção de pagamento após recebimento de cliente relevante.
INT001283,PJ0446,2026-05-03,telefone,ativa,promessa_registrada,"Promessa de pagamento registrada para os próximos dias, aguardando acompanhamento."
INT001287,PJ0447,2026-01-16,telefone,ativa,intencao_pagamento,Cliente reconheceu o débito e solicitou prazo curto para organizar o pagamento.
INT001286,PJ0447,2026-02-10,email,ativa,intencao_pagamento,Empresa informou fluxo de caixa previsto e pediu envio das opções no portal.
INT001289,PJ0448,2025-12-08,telefone,ativa,recusa_oferta,Proposta apresentada não foi aceita; solicitado novo contato após revisão do caixa.
INT001288,PJ0448,2025-12-23,telefone,receptiva,dificuldade_temporaria,Empresa informou sazonalidade no caixa e pediu parcelas alinhadas aos recebíveis.
INT001290,PJ0449,2026-03-05,whatsapp,receptiva,intencao_pagamento,Cliente reconheceu o débito e solicitou prazo curto para organizar o pagamento.
INT001291,PJ0449,2026-04-01,telefone,ativa,intencao_pagamento,Cliente reconheceu o débito e solicitou prazo curto para organizar o pagamento.
INT001293,PJ0450,2026-01-17,telefone,receptiva,dificuldade_temporaria,Empresa informou sazonalidade no caixa e pediu parcelas alinhadas aos recebíveis.
INT001292,PJ0450,2026-01-20,portal,ativa,intencao_pagamento,Representante confirmou intenção de pagamento após recebimento de cliente relevante.
INT001294,PJ0451,2026-03-18,telefone,ativa,sem_sucesso,E-mail devolvido; necessário validar o endereço antes de nova tentativa.
INT001296,PJ0451,2026-03-20,whatsapp,ativa,dificuldade_temporaria,Empresa informou sazonalidade no caixa e pediu parcelas alinhadas aos recebíveis.
INT001295,PJ0451,2026-04-16,whatsapp,receptiva,intencao_pagamento,Representante confirmou intenção de pagamento após recebimento de cliente relevante.
INT001298,PJ0452,2026-04-22,portal,ativa,dificuldade_temporaria,Cliente relatou queda temporária de faturamento e interesse em parcelamento.
INT001297,PJ0452,2026-05-11,whatsapp,receptiva,dificuldade_temporaria,Representante relatou atraso pontual de um comprador e solicitou nova condição.
INT001299,PJ0452,2026-05-16,whatsapp,ativa,sem_sucesso,Tentativa sem sucesso; telefone chamou e não houve atendimento.
INT001300,PJ0453,2026-02-25,telefone,ativa,promessa_registrada,Cliente confirmou data e valor para pagamento parcial pelo portal.
INT001302,PJ0454,2025-12-17,email,receptiva,sem_sucesso,Tentativa sem sucesso; telefone chamou e não houve atendimento.
INT001301,PJ0454,2025-12-22,portal,ativa,contestacao,Representante contestou o valor e solicitou validação do contrato antes de negociar.
INT001305,PJ0454,2026-01-08,telefone,receptiva,sem_sucesso,Tentativa sem sucesso; telefone chamou e não houve atendimento.
INT001304,PJ0454,2026-01-11,whatsapp,ativa,sem_sucesso,"Mensagem enviada no canal autorizado, ainda sem retorno do representante."
INT001303,PJ0454,2026-01-29,whatsapp,ativa,recusa_oferta,Cliente considerou a parcela acima da capacidade atual e recusou a oferta.
INT001308,PJ0455,2026-04-25,telefone,ativa,sem_sucesso,"Mensagem enviada no canal autorizado, ainda sem retorno do representante."
INT001307,PJ0455,2026-05-04,telefone,ativa,sem_sucesso,"Mensagem enviada no canal autorizado, ainda sem retorno do representante."
INT001306,PJ0455,2026-05-08,email,ativa,recusa_oferta,Cliente considerou a parcela acima da capacidade atual e recusou a oferta.
INT001310,PJ0455,2026-05-29,telefone,receptiva,intencao_pagamento,Empresa informou fluxo de caixa previsto e pediu envio das opções no portal.
INT001309,PJ0455,2026-05-30,whatsapp,ativa,intencao_pagamento,Cliente reconheceu o débito e solicitou prazo curto para organizar o pagamento.
INT001311,PJ0456,2026-06-26,whatsapp,receptiva,contestacao,Representante contestou o valor e solicitou validação do contrato antes de negociar.
INT001312,PJ0456,2026-06-26,telefone,receptiva,sem_sucesso,Tentativa sem sucesso; telefone chamou e não houve atendimento.
INT001313,PJ0457,2026-06-23,whatsapp,ativa,dificuldade_temporaria,Representante relatou atraso pontual de um comprador e solicitou nova condição.
INT001315,PJ0458,2025-12-03,whatsapp,ativa,intencao_pagamento,Representante confirmou intenção de pagamento após recebimento de cliente relevante.
INT001314,PJ0458,2025-12-21,email,ativa,dificuldade_temporaria,Representante relatou atraso pontual de um comprador e solicitou nova condição.
INT001317,PJ0459,2026-05-15,whatsapp,ativa,intencao_pagamento,Representante confirmou intenção de pagamento após recebimento de cliente relevante.
INT001319,PJ0459,2026-05-16,whatsapp,ativa,promessa_registrada,"Promessa de pagamento registrada para os próximos dias, aguardando acompanhamento."
INT001318,PJ0459,2026-05-25,whatsapp,ativa,dificuldade_temporaria,Cliente relatou queda temporária de faturamento e interesse em parcelamento.
INT001316,PJ0459,2026-06-13,whatsapp,ativa,contestacao,Representante contestou o valor e solicitou validação do contrato antes de negociar.
INT001324,PJ0460,2026-04-07,whatsapp,ativa,sem_sucesso,E-mail devolvido; necessário validar o endereço antes de nova tentativa.
INT001322,PJ0460,2026-04-10,whatsapp,receptiva,intencao_pagamento,Representante confirmou intenção de pagamento após recebimento de cliente relevante.
INT001321,PJ0460,2026-04-12,telefone,ativa,sem_sucesso,E-mail devolvido; necessário validar o endereço antes de nova tentativa.
INT001323,PJ0460,2026-04-19,email,ativa,intencao_pagamento,Cliente reconheceu o débito e solicitou prazo curto para organizar o pagamento.
INT001320,PJ0460,2026-05-20,whatsapp,ativa,sem_sucesso,Tentativa sem sucesso; telefone chamou e não houve atendimento.
INT001325,PJ0461,2026-01-23,telefone,ativa,promessa_registrada,Cliente confirmou data e valor para pagamento parcial pelo portal.
INT001326,PJ0461,2026-01-23,telefone,ativa,sem_sucesso,"Mensagem enviada no canal autorizado, ainda sem retorno do representante."
INT001327,PJ0462,2026-02-05,email,ativa,recusa_oferta,Cliente considerou a parcela acima da capacidade atual e recusou a oferta.
INT001328,PJ0462,2026-03-04,telefone,ativa,promessa_registrada,"Promessa de pagamento registrada para os próximos dias, aguardando acompanhamento."
INT001331,PJ0463,2025-12-31,portal,ativa,dificuldade_temporaria,Empresa informou sazonalidade no caixa e pediu parcelas alinhadas aos recebíveis.
INT001329,PJ0463,2026-01-07,whatsapp,receptiva,intencao_pagamento,Representante confirmou intenção de pagamento após recebimento de cliente relevante.
INT001330,PJ0463,2026-01-20,telefone,ativa,intencao_pagamento,Empresa informou fluxo de caixa previsto e pediu envio das opções no portal.
INT001332,PJ0464,2026-05-08,telefone,ativa,dificuldade_temporaria,Cliente relatou queda temporária de faturamento e interesse em parcelamento.
INT001333,PJ0464,2026-06-21,whatsapp,receptiva,sem_sucesso,E-mail devolvido; necessário validar o endereço antes de nova tentativa.
INT001337,PJ0465,2026-04-18,whatsapp,ativa,dificuldade_temporaria,Cliente relatou queda temporária de faturamento e interesse em parcelamento.
INT001336,PJ0465,2026-04-22,email,ativa,sem_sucesso,"Mensagem enviada no canal autorizado, ainda sem retorno do representante."
INT001335,PJ0465,2026-04-23,email,ativa,intencao_pagamento,Cliente reconheceu o débito e solicitou prazo curto para organizar o pagamento.
INT001334,PJ0465,2026-05-28,telefone,ativa,sem_sucesso,E-mail devolvido; necessário validar o endereço antes de nova tentativa.
INT001339,PJ0466,2026-04-21,whatsapp,receptiva,intencao_pagamento,Cliente reconheceu o débito e solicitou prazo curto para organizar o pagamento.
INT001338,PJ0466,2026-04-24,whatsapp,ativa,sem_sucesso,Tentativa sem sucesso; telefone chamou e não houve atendimento.
INT001342,PJ0467,2026-01-17,telefone,ativa,intencao_pagamento,Empresa informou fluxo de caixa previsto e pediu envio das opções no portal.
INT001341,PJ0467,2026-02-02,telefone,ativa,promessa_registrada,"Promessa de pagamento registrada para os próximos dias, aguardando acompanhamento."
INT001343,PJ0467,2026-02-16,email,receptiva,dificuldade_temporaria,Empresa informou sazonalidade no caixa e pediu parcelas alinhadas aos recebíveis.
INT001340,PJ0467,2026-03-26,whatsapp,ativa,sem_sucesso,Tentativa sem sucesso; telefone chamou e não houve atendimento.
INT001347,PJ0468,2025-12-26,portal,receptiva,sem_sucesso,E-mail devolvido; necessário validar o endereço antes de nova tentativa.
INT001348,PJ0468,2025-12-30,telefone,ativa,recusa_oferta,Cliente considerou a parcela acima da capacidade atual e recusou a oferta.
INT001344,PJ0468,2026-01-09,whatsapp,ativa,dificuldade_temporaria,Representante relatou atraso pontual de um comprador e solicitou nova condição.
INT001345,PJ0468,2026-01-09,email,ativa,sem_sucesso,"Mensagem enviada no canal autorizado, ainda sem retorno do representante."
INT001346,PJ0468,2026-01-26,whatsapp,ativa,sem_sucesso,"Mensagem enviada no canal autorizado, ainda sem retorno do representante."
INT001351,PJ0469,2026-04-19,email,ativa,intencao_pagamento,Representante confirmou intenção de pagamento após recebimento de cliente relevante.
INT001349,PJ0469,2026-06-09,whatsapp,ativa,intencao_pagamento,Empresa informou fluxo de caixa previsto e pediu envio das opções no portal.
INT001350,PJ0469,2026-06-21,whatsapp,ativa,contestacao,Cliente informou divergência no saldo; negociação interrompida para análise.
INT001354,PJ0470,2026-01-13,portal,ativa,promessa_registrada,Cliente confirmou data e valor para pagamento parcial pelo portal.
INT001353,PJ0470,2026-02-25,telefone,ativa,contestacao,Cliente informou divergência no saldo; negociação interrompida para análise.
INT001352,PJ0470,2026-03-14,email,ativa,sem_sucesso,Tentativa sem sucesso; telefone chamou e não houve atendimento.
INT001355,PJ0471,2026-02-24,telefone,ativa,recusa_oferta,Proposta apresentada não foi aceita; solicitado novo contato após revisão do caixa.
INT001356,PJ0472,2026-04-18,portal,ativa,dificuldade_temporaria,Cliente relatou queda temporária de faturamento e interesse em parcelamento.
INT001360,PJ0473,2026-02-03,whatsapp,ativa,intencao_pagamento,Cliente reconheceu o débito e solicitou prazo curto para organizar o pagamento.
INT001357,PJ0473,2026-02-09,email,ativa,promessa_registrada,"Promessa de pagamento registrada para os próximos dias, aguardando acompanhamento."
INT001358,PJ0473,2026-03-23,telefone,ativa,promessa_registrada,"Promessa de pagamento registrada para os próximos dias, aguardando acompanhamento."
INT001359,PJ0473,2026-03-25,email,ativa,intencao_pagamento,Representante confirmou intenção de pagamento após recebimento de cliente relevante.
INT001361,PJ0474,2025-11-27,whatsapp,ativa,promessa_registrada,Cliente confirmou data e valor para pagamento parcial pelo portal.
INT001364,PJ0475,2025-12-31,email,ativa,intencao_pagamento,Cliente reconheceu o débito e solicitou prazo curto para organizar o pagamento.
INT001363,PJ0475,2026-01-18,whatsapp,ativa,intencao_pagamento,Cliente reconheceu o débito e solicitou prazo curto para organizar o pagamento.
INT001362,PJ0475,2026-01-26,telefone,ativa,recusa_oferta,Proposta apresentada não foi aceita; solicitado novo contato após revisão do caixa.
INT001368,PJ0476,2026-04-14,whatsapp,ativa,sem_sucesso,"Mensagem enviada no canal autorizado, ainda sem retorno do representante."
INT001367,PJ0476,2026-04-24,telefone,ativa,intencao_pagamento,Cliente reconheceu o débito e solicitou prazo curto para organizar o pagamento.
INT001365,PJ0476,2026-05-14,email,receptiva,promessa_registrada,Cliente confirmou data e valor para pagamento parcial pelo portal.
INT001369,PJ0476,2026-05-16,telefone,receptiva,sem_sucesso,"Mensagem enviada no canal autorizado, ainda sem retorno do representante."
INT001366,PJ0476,2026-05-25,telefone,ativa,promessa_registrada,"Promessa de pagamento registrada para os próximos dias, aguardando acompanhamento."
INT001370,PJ0477,2026-04-24,email,receptiva,sem_sucesso,Tentativa sem sucesso; telefone chamou e não houve atendimento.
INT001372,PJ0477,2026-04-30,telefone,ativa,sem_sucesso,Tentativa sem sucesso; telefone chamou e não houve atendimento.
INT001373,PJ0477,2026-06-24,whatsapp,ativa,contestacao,Representante contestou o valor e solicitou validação do contrato antes de negociar.
INT001371,PJ0477,2026-06-29,email,ativa,dificuldade_temporaria,Empresa informou sazonalidade no caixa e pediu parcelas alinhadas aos recebíveis.
INT001378,PJ0478,2026-02-23,email,receptiva,sem_sucesso,E-mail devolvido; necessário validar o endereço antes de nova tentativa.
INT001375,PJ0478,2026-03-08,whatsapp,ativa,sem_sucesso,"Mensagem enviada no canal autorizado, ainda sem retorno do representante."
INT001377,PJ0478,2026-03-18,email,ativa,promessa_registrada,"Promessa de pagamento registrada para os próximos dias, aguardando acompanhamento."
INT001376,PJ0478,2026-03-21,telefone,ativa,dificuldade_temporaria,Representante relatou atraso pontual de um comprador e solicitou nova condição.
INT001374,PJ0478,2026-04-06,email,receptiva,dificuldade_temporaria,Cliente relatou queda temporária de faturamento e interesse em parcelamento.
INT001379,PJ0479,2026-05-21,whatsapp,ativa,intencao_pagamento,Empresa informou fluxo de caixa previsto e pediu envio das opções no portal.
INT001380,PJ0480,2026-05-27,whatsapp,receptiva,sem_sucesso,E-mail devolvido; necessário validar o endereço antes de nova tentativa.
INT001381,PJ0481,2026-03-29,email,ativa,recusa_oferta,Cliente considerou a parcela acima da capacidade atual e recusou a oferta.
INT001382,PJ0481,2026-05-03,whatsapp,ativa,intencao_pagamento,Empresa informou fluxo de caixa previsto e pediu envio das opções no portal.
INT001384,PJ0481,2026-05-09,whatsapp,ativa,intencao_pagamento,Empresa informou fluxo de caixa previsto e pediu envio das opções no portal.
INT001383,PJ0481,2026-05-21,email,receptiva,promessa_registrada,"Promessa de pagamento registrada para os próximos dias, aguardando acompanhamento."
INT001386,PJ0482,2025-12-03,telefone,ativa,sem_sucesso,"Mensagem enviada no canal autorizado, ainda sem retorno do representante."
INT001385,PJ0482,2026-01-20,telefone,ativa,sem_sucesso,E-mail devolvido; necessário validar o endereço antes de nova tentativa.
INT001388,PJ0483,2026-03-04,telefone,ativa,sem_sucesso,"Mensagem enviada no canal autorizado, ainda sem retorno do representante."
INT001387,PJ0483,2026-03-14,whatsapp,ativa,sem_sucesso,E-mail devolvido; necessário validar o endereço antes de nova tentativa.
INT001389,PJ0484,2026-01-23,email,ativa,recusa_oferta,Cliente considerou a parcela acima da capacidade atual e recusou a oferta.
INT001390,PJ0484,2026-01-27,whatsapp,ativa,recusa_oferta,Cliente considerou a parcela acima da capacidade atual e recusou a oferta.
INT001394,PJ0485,2026-01-22,whatsapp,ativa,recusa_oferta,Cliente considerou a parcela acima da capacidade atual e recusou a oferta.
INT001392,PJ0485,2026-01-26,portal,receptiva,contestacao,Cliente informou divergência no saldo; negociação interrompida para análise.
INT001391,PJ0485,2026-02-09,whatsapp,receptiva,sem_sucesso,"Mensagem enviada no canal autorizado, ainda sem retorno do representante."
INT001393,PJ0485,2026-02-18,email,ativa,contestacao,Cliente informou divergência no saldo; negociação interrompida para análise.
INT001395,PJ0486,2026-04-06,whatsapp,ativa,sem_sucesso,"Mensagem enviada no canal autorizado, ainda sem retorno do representante."
INT001396,PJ0487,2026-05-09,portal,ativa,dificuldade_temporaria,Empresa informou sazonalidade no caixa e pediu parcelas alinhadas aos recebíveis.
INT001401,PJ0488,2026-04-23,email,receptiva,promessa_registrada,"Promessa de pagamento registrada para os próximos dias, aguardando acompanhamento."
INT001397,PJ0488,2026-05-07,telefone,receptiva,sem_sucesso,Tentativa sem sucesso; telefone chamou e não houve atendimento.
INT001399,PJ0488,2026-05-19,telefone,ativa,promessa_registrada,Cliente confirmou data e valor para pagamento parcial pelo portal.
INT001398,PJ0488,2026-05-26,whatsapp,ativa,intencao_pagamento,Empresa informou fluxo de caixa previsto e pediu envio das opções no portal.
INT001400,PJ0488,2026-06-11,telefone,ativa,recusa_oferta,Cliente considerou a parcela acima da capacidade atual e recusou a oferta.
INT001406,PJ0489,2025-12-27,whatsapp,ativa,sem_sucesso,"Mensagem enviada no canal autorizado, ainda sem retorno do representante."
INT001403,PJ0489,2026-01-14,whatsapp,receptiva,promessa_registrada,Cliente confirmou data e valor para pagamento parcial pelo portal.
INT001405,PJ0489,2026-01-15,whatsapp,receptiva,contestacao,Representante contestou o valor e solicitou validação do contrato antes de negociar.
INT001404,PJ0489,2026-01-24,whatsapp,ativa,recusa_oferta,Proposta apresentada não foi aceita; solicitado novo contato após revisão do caixa.
INT001402,PJ0489,2026-02-16,whatsapp,ativa,dificuldade_temporaria,Empresa informou sazonalidade no caixa e pediu parcelas alinhadas aos recebíveis.
INT001407,PJ0490,2026-03-22,telefone,ativa,dificuldade_temporaria,Empresa informou sazonalidade no caixa e pediu parcelas alinhadas aos recebíveis.
INT001408,PJ0490,2026-04-30,portal,ativa,dificuldade_temporaria,Representante relatou atraso pontual de um comprador e solicitou nova condição.
INT001410,PJ0491,2026-04-29,whatsapp,receptiva,intencao_pagamento,Representante confirmou intenção de pagamento após recebimento de cliente relevante.
INT001409,PJ0491,2026-06-13,email,ativa,dificuldade_temporaria,Cliente relatou queda temporária de faturamento e interesse em parcelamento.
INT001411,PJ0492,2025-12-22,whatsapp,ativa,sem_sucesso,Tentativa sem sucesso; telefone chamou e não houve atendimento.
INT001412,PJ0493,2025-12-20,telefone,ativa,dificuldade_temporaria,Representante relatou atraso pontual de um comprador e solicitou nova condição.
INT001414,PJ0494,2026-06-09,whatsapp,ativa,promessa_registrada,Cliente confirmou data e valor para pagamento parcial pelo portal.
INT001413,PJ0494,2026-06-20,portal,ativa,sem_sucesso,E-mail devolvido; necessário validar o endereço antes de nova tentativa.
INT001416,PJ0495,2026-05-15,email,ativa,recusa_oferta,Proposta apresentada não foi aceita; solicitado novo contato após revisão do caixa.
INT001415,PJ0495,2026-05-24,telefone,ativa,dificuldade_temporaria,Representante relatou atraso pontual de um comprador e solicitou nova condição.
INT001417,PJ0495,2026-06-25,whatsapp,ativa,promessa_registrada,"Promessa de pagamento registrada para os próximos dias, aguardando acompanhamento."
INT001418,PJ0496,2025-12-28,email,ativa,sem_sucesso,"Mensagem enviada no canal autorizado, ainda sem retorno do representante."
INT001419,PJ0496,2026-01-14,telefone,receptiva,sem_sucesso,"Mensagem enviada no canal autorizado, ainda sem retorno do representante."
INT001420,PJ0496,2026-01-29,telefone,ativa,recusa_oferta,Cliente considerou a parcela acima da capacidade atual e recusou a oferta.
INT001424,PJ0497,2026-01-31,telefone,ativa,sem_sucesso,Tentativa sem sucesso; telefone chamou e não houve atendimento.
INT001423,PJ0497,2026-02-21,email,receptiva,intencao_pagamento,Representante confirmou intenção de pagamento após recebimento de cliente relevante.
INT001421,PJ0497,2026-02-26,whatsapp,ativa,dificuldade_temporaria,Representante relatou atraso pontual de um comprador e solicitou nova condição.
INT001422,PJ0497,2026-03-15,email,receptiva,sem_sucesso,Tentativa sem sucesso; telefone chamou e não houve atendimento.
INT001426,PJ0498,2025-11-19,whatsapp,ativa,dificuldade_temporaria,Cliente relatou queda temporária de faturamento e interesse em parcelamento.
INT001425,PJ0498,2025-12-06,telefone,ativa,promessa_registrada,"Promessa de pagamento registrada para os próximos dias, aguardando acompanhamento."
INT001427,PJ0498,2025-12-12,email,ativa,recusa_oferta,Cliente considerou a parcela acima da capacidade atual e recusou a oferta.
INT001430,PJ0499,2026-02-28,email,ativa,intencao_pagamento,Cliente reconheceu o débito e solicitou prazo curto para organizar o pagamento.
INT001429,PJ0499,2026-03-05,telefone,receptiva,promessa_registrada,Cliente confirmou data e valor para pagamento parcial pelo portal.
INT001428,PJ0499,2026-04-14,email,ativa,sem_sucesso,"Mensagem enviada no canal autorizado, ainda sem retorno do representante."
INT001431,PJ0499,2026-04-22,whatsapp,ativa,intencao_pagamento,Representante confirmou intenção de pagamento após recebimento de cliente relevante.
INT001435,PJ0500,2026-02-14,telefone,ativa,sem_sucesso,"Mensagem enviada no canal autorizado, ainda sem retorno do representante."
INT001432,PJ0500,2026-02-15,telefone,ativa,sem_sucesso,E-mail devolvido; necessário validar o endereço antes de nova tentativa.
INT001433,PJ0500,2026-03-31,portal,receptiva,contestacao,Cliente informou divergência no saldo; negociação interrompida para análise.
INT001434,PJ0500,2026-04-06,email,ativa,sem_sucesso,E-mail devolvido; necessário validar o endereço antes de nova tentativa.
INT001439,PJ0501,2026-01-18,whatsapp,receptiva,intencao_pagamento,Representante confirmou intenção de pagamento após recebimento de cliente relevante.
INT001436,PJ0501,2026-01-25,email,ativa,dificuldade_temporaria,Cliente relatou queda temporária de faturamento e interesse em parcelamento.
INT001437,PJ0501,2026-03-20,telefone,receptiva,dificuldade_temporaria,Cliente relatou queda temporária de faturamento e interesse em parcelamento.
INT001440,PJ0501,2026-03-21,portal,ativa,promessa_registrada,Cliente confirmou data e valor para pagamento parcial pelo portal.
INT001438,PJ0501,2026-03-22,email,ativa,contestacao,Representante contestou o valor e solicitou validação do contrato antes de negociar.
INT001441,PJ0502,2026-04-19,portal,ativa,intencao_pagamento,Representante confirmou intenção de pagamento após recebimento de cliente relevante.
INT001442,PJ0502,2026-04-27,whatsapp,ativa,promessa_registrada,"Promessa de pagamento registrada para os próximos dias, aguardando acompanhamento."
INT001445,PJ0503,2026-05-25,email,ativa,dificuldade_temporaria,Representante relatou atraso pontual de um comprador e solicitou nova condição.
INT001446,PJ0503,2026-05-28,whatsapp,receptiva,dificuldade_temporaria,Empresa informou sazonalidade no caixa e pediu parcelas alinhadas aos recebíveis.
INT001443,PJ0503,2026-06-16,email,ativa,intencao_pagamento,Representante confirmou intenção de pagamento após recebimento de cliente relevante.
INT001444,PJ0503,2026-06-19,telefone,ativa,sem_sucesso,"Mensagem enviada no canal autorizado, ainda sem retorno do representante."
INT001447,PJ0504,2025-12-29,telefone,ativa,promessa_registrada,Cliente confirmou data e valor para pagamento parcial pelo portal.
INT001448,PJ0504,2026-01-23,whatsapp,ativa,sem_sucesso,Tentativa sem sucesso; telefone chamou e não houve atendimento.
INT001450,PJ0505,2025-11-20,whatsapp,ativa,intencao_pagamento,Empresa informou fluxo de caixa previsto e pediu envio das opções no portal.
INT001449,PJ0505,2025-12-01,whatsapp,ativa,sem_sucesso,E-mail devolvido; necessário validar o endereço antes de nova tentativa.
INT001452,PJ0505,2025-12-03,email,ativa,dificuldade_temporaria,Empresa informou sazonalidade no caixa e pediu parcelas alinhadas aos recebíveis.
INT001451,PJ0505,2026-01-17,telefone,receptiva,sem_sucesso,E-mail devolvido; necessário validar o endereço antes de nova tentativa.
INT001456,PJ0506,2026-01-31,whatsapp,receptiva,intencao_pagamento,Empresa informou fluxo de caixa previsto e pediu envio das opções no portal.
INT001455,PJ0506,2026-02-02,telefone,ativa,dificuldade_temporaria,Cliente relatou queda temporária de faturamento e interesse em parcelamento.
INT001453,PJ0506,2026-02-03,whatsapp,ativa,sem_sucesso,"Mensagem enviada no canal autorizado, ainda sem retorno do representante."
INT001457,PJ0506,2026-02-10,whatsapp,ativa,intencao_pagamento,Representante confirmou intenção de pagamento após recebimento de cliente relevante.
INT001454,PJ0506,2026-03-04,whatsapp,ativa,dificuldade_temporaria,Representante relatou atraso pontual de um comprador e solicitou nova condição.
INT001458,PJ0507,2026-05-22,whatsapp,ativa,sem_sucesso,"Mensagem enviada no canal autorizado, ainda sem retorno do representante."
INT001461,PJ0508,2026-04-28,whatsapp,ativa,sem_sucesso,E-mail devolvido; necessário validar o endereço antes de nova tentativa.
INT001459,PJ0508,2026-05-09,whatsapp,ativa,dificuldade_temporaria,Cliente relatou queda temporária de faturamento e interesse em parcelamento.
INT001460,PJ0508,2026-05-29,whatsapp,ativa,promessa_registrada,Cliente confirmou data e valor para pagamento parcial pelo portal.
INT001465,PJ0509,2026-01-26,telefone,ativa,sem_sucesso,Tentativa sem sucesso; telefone chamou e não houve atendimento.
INT001462,PJ0509,2026-02-16,email,ativa,sem_sucesso,"Mensagem enviada no canal autorizado, ainda sem retorno do representante."
INT001464,PJ0509,2026-02-22,whatsapp,ativa,dificuldade_temporaria,Empresa informou sazonalidade no caixa e pediu parcelas alinhadas aos recebíveis.
INT001463,PJ0509,2026-02-25,whatsapp,receptiva,sem_sucesso,"Mensagem enviada no canal autorizado, ainda sem retorno do representante."
INT001466,PJ0509,2026-03-06,email,ativa,recusa_oferta,Cliente considerou a parcela acima da capacidade atual e recusou a oferta.
INT001469,PJ0510,2025-11-25,email,receptiva,sem_sucesso,Tentativa sem sucesso; telefone chamou e não houve atendimento.
INT001468,PJ0510,2025-12-20,whatsapp,ativa,contestacao,Cliente informou divergência no saldo; negociação interrompida para análise.
INT001467,PJ0510,2026-01-04,whatsapp,ativa,dificuldade_temporaria,Representante relatou atraso pontual de um comprador e solicitou nova condição.
INT001470,PJ0510,2026-01-10,email,ativa,intencao_pagamento,Representante confirmou intenção de pagamento após recebimento de cliente relevante.
INT001471,PJ0511,2026-02-01,whatsapp,ativa,sem_sucesso,E-mail devolvido; necessário validar o endereço antes de nova tentativa.
INT001473,PJ0511,2026-02-09,whatsapp,receptiva,dificuldade_temporaria,Empresa informou sazonalidade no caixa e pediu parcelas alinhadas aos recebíveis.
INT001474,PJ0511,2026-02-20,telefone,ativa,recusa_oferta,Cliente considerou a parcela acima da capacidade atual e recusou a oferta.
INT001472,PJ0511,2026-03-18,telefone,ativa,dificuldade_temporaria,Empresa informou sazonalidade no caixa e pediu parcelas alinhadas aos recebíveis.
INT001478,PJ0512,2026-04-19,email,ativa,intencao_pagamento,Empresa informou fluxo de caixa previsto e pediu envio das opções no portal.
INT001477,PJ0512,2026-04-28,whatsapp,ativa,sem_sucesso,E-mail devolvido; necessário validar o endereço antes de nova tentativa.
INT001475,PJ0512,2026-05-22,whatsapp,ativa,sem_sucesso,"Mensagem enviada no canal autorizado, ainda sem retorno do representante."
INT001476,PJ0512,2026-06-03,telefone,ativa,intencao_pagamento,Cliente reconheceu o débito e solicitou prazo curto para organizar o pagamento.
INT001481,PJ0513,2026-01-31,whatsapp,ativa,promessa_registrada,Cliente confirmou data e valor para pagamento parcial pelo portal.
INT001479,PJ0513,2026-02-02,whatsapp,ativa,intencao_pagamento,Cliente reconheceu o débito e solicitou prazo curto para organizar o pagamento.
INT001480,PJ0513,2026-02-19,whatsapp,receptiva,sem_sucesso,"Mensagem enviada no canal autorizado, ainda sem retorno do representante."
INT001485,PJ0514,2025-11-24,email,receptiva,intencao_pagamento,Representante confirmou intenção de pagamento após recebimento de cliente relevante.
INT001484,PJ0514,2025-11-30,whatsapp,ativa,dificuldade_temporaria,Empresa informou sazonalidade no caixa e pediu parcelas alinhadas aos recebíveis.
INT001483,PJ0514,2025-12-14,telefone,ativa,dificuldade_temporaria,Cliente relatou queda temporária de faturamento e interesse em parcelamento.
INT001482,PJ0514,2025-12-23,whatsapp,ativa,dificuldade_temporaria,Cliente relatou queda temporária de faturamento e interesse em parcelamento.
INT001486,PJ0515,2026-03-21,telefone,ativa,intencao_pagamento,Empresa informou fluxo de caixa previsto e pediu envio das opções no portal.
INT001490,PJ0515,2026-03-21,email,receptiva,dificuldade_temporaria,Representante relatou atraso pontual de um comprador e solicitou nova condição.
INT001489,PJ0515,2026-04-10,email,ativa,sem_sucesso,Tentativa sem sucesso; telefone chamou e não houve atendimento.
INT001487,PJ0515,2026-04-30,email,ativa,contestacao,Representante contestou o valor e solicitou validação do contrato antes de negociar.
INT001488,PJ0515,2026-05-06,telefone,receptiva,sem_sucesso,E-mail devolvido; necessário validar o endereço antes de nova tentativa.
INT001492,PJ0516,2026-05-14,portal,receptiva,dificuldade_temporaria,Representante relatou atraso pontual de um comprador e solicitou nova condição.
INT001494,PJ0516,2026-05-23,portal,receptiva,recusa_oferta,Cliente considerou a parcela acima da capacidade atual e recusou a oferta.
INT001491,PJ0516,2026-05-28,email,receptiva,intencao_pagamento,Representante confirmou intenção de pagamento após recebimento de cliente relevante.
INT001495,PJ0516,2026-06-13,whatsapp,ativa,recusa_oferta,Proposta apresentada não foi aceita; solicitado novo contato após revisão do caixa.
INT001493,PJ0516,2026-06-22,email,ativa,intencao_pagamento,Representante confirmou intenção de pagamento após recebimento de cliente relevante.
INT001498,PJ0517,2026-02-21,telefone,receptiva,sem_sucesso,E-mail devolvido; necessário validar o endereço antes de nova tentativa.
INT001497,PJ0517,2026-03-05,email,ativa,contestacao,Cliente informou divergência no saldo; negociação interrompida para análise.
INT001496,PJ0517,2026-04-16,whatsapp,receptiva,promessa_registrada,Cliente confirmou data e valor para pagamento parcial pelo portal.
INT001499,PJ0518,2026-01-26,whatsapp,ativa,promessa_registrada,"Promessa de pagamento registrada para os próximos dias, aguardando acompanhamento."
INT001500,PJ0519,2026-04-19,whatsapp,receptiva,intencao_pagamento,Representante confirmou intenção de pagamento após recebimento de cliente relevante.
INT001501,PJ0520,2026-02-01,whatsapp,ativa,intencao_pagamento,Cliente reconheceu o débito e solicitou prazo curto para organizar o pagamento.
INT001503,PJ0520,2026-02-03,whatsapp,ativa,dificuldade_temporaria,Cliente relatou queda temporária de faturamento e interesse em parcelamento.
INT001502,PJ0520,2026-03-06,portal,receptiva,dificuldade_temporaria,Representante relatou atraso pontual de um comprador e solicitou nova condição.
INT001504,PJ0521,2026-05-30,whatsapp,ativa,recusa_oferta,Proposta apresentada não foi aceita; solicitado novo contato após revisão do caixa.
INT001506,PJ0522,2026-05-23,portal,ativa,recusa_oferta,Proposta apresentada não foi aceita; solicitado novo contato após revisão do caixa.
INT001505,PJ0522,2026-05-25,email,ativa,promessa_registrada,"Promessa de pagamento registrada para os próximos dias, aguardando acompanhamento."
INT001507,PJ0522,2026-05-31,email,ativa,promessa_registrada,"Promessa de pagamento registrada para os próximos dias, aguardando acompanhamento."
INT001508,PJ0522,2026-05-31,whatsapp,ativa,sem_sucesso,Tentativa sem sucesso; telefone chamou e não houve atendimento.
INT001510,PJ0523,2026-02-08,telefone,ativa,dificuldade_temporaria,Cliente relatou queda temporária de faturamento e interesse em parcelamento.
INT001509,PJ0523,2026-02-23,email,ativa,contestacao,Cliente informou divergência no saldo; negociação interrompida para análise.
INT001513,PJ0523,2026-02-27,telefone,ativa,recusa_oferta,Cliente considerou a parcela acima da capacidade atual e recusou a oferta.
INT001511,PJ0523,2026-03-05,telefone,ativa,dificuldade_temporaria,Empresa informou sazonalidade no caixa e pediu parcelas alinhadas aos recebíveis.
INT001512,PJ0523,2026-03-15,email,ativa,sem_sucesso,"Mensagem enviada no canal autorizado, ainda sem retorno do representante."
INT001516,PJ0524,2026-04-20,telefone,ativa,sem_sucesso,Tentativa sem sucesso; telefone chamou e não houve atendimento.
INT001514,PJ0524,2026-05-10,whatsapp,receptiva,intencao_pagamento,Representante confirmou intenção de pagamento após recebimento de cliente relevante.
INT001515,PJ0524,2026-06-07,whatsapp,ativa,intencao_pagamento,Empresa informou fluxo de caixa previsto e pediu envio das opções no portal.
INT001519,PJ0525,2025-11-20,whatsapp,ativa,intencao_pagamento,Representante confirmou intenção de pagamento após recebimento de cliente relevante.
INT001521,PJ0525,2025-12-05,telefone,ativa,intencao_pagamento,Representante confirmou intenção de pagamento após recebimento de cliente relevante.
INT001520,PJ0525,2025-12-31,telefone,ativa,sem_sucesso,Tentativa sem sucesso; telefone chamou e não houve atendimento.
INT001517,PJ0525,2026-01-06,portal,ativa,intencao_pagamento,Representante confirmou intenção de pagamento após recebimento de cliente relevante.
INT001518,PJ0525,2026-01-07,email,ativa,intencao_pagamento,Cliente reconheceu o débito e solicitou prazo curto para organizar o pagamento.
INT001524,PJ0526,2025-12-06,telefone,ativa,sem_sucesso,Tentativa sem sucesso; telefone chamou e não houve atendimento.
INT001522,PJ0526,2025-12-16,whatsapp,ativa,dificuldade_temporaria,Cliente relatou queda temporária de faturamento e interesse em parcelamento.
INT001525,PJ0526,2025-12-28,whatsapp,ativa,recusa_oferta,Proposta apresentada não foi aceita; solicitado novo contato após revisão do caixa.
INT001523,PJ0526,2026-01-15,whatsapp,ativa,intencao_pagamento,Representante confirmou intenção de pagamento após recebimento de cliente relevante.
INT001527,PJ0527,2026-02-22,email,receptiva,promessa_registrada,"Promessa de pagamento registrada para os próximos dias, aguardando acompanhamento."
INT001526,PJ0527,2026-03-17,email,ativa,dificuldade_temporaria,Cliente relatou queda temporária de faturamento e interesse em parcelamento.
INT001528,PJ0527,2026-03-22,portal,ativa,intencao_pagamento,Representante confirmou intenção de pagamento após recebimento de cliente relevante.
INT001531,PJ0528,2025-12-24,email,ativa,intencao_pagamento,Representante confirmou intenção de pagamento após recebimento de cliente relevante.
INT001529,PJ0528,2026-02-10,whatsapp,receptiva,intencao_pagamento,Cliente reconheceu o débito e solicitou prazo curto para organizar o pagamento.
INT001530,PJ0528,2026-02-18,whatsapp,ativa,recusa_oferta,Cliente considerou a parcela acima da capacidade atual e recusou a oferta.
INT001533,PJ0529,2025-12-16,email,ativa,intencao_pagamento,Cliente reconheceu o débito e solicitou prazo curto para organizar o pagamento.
INT001534,PJ0529,2025-12-18,telefone,ativa,dificuldade_temporaria,Empresa informou sazonalidade no caixa e pediu parcelas alinhadas aos recebíveis.
INT001532,PJ0529,2026-01-25,email,ativa,recusa_oferta,Proposta apresentada não foi aceita; solicitado novo contato após revisão do caixa.
INT001539,PJ0530,2025-12-20,whatsapp,ativa,sem_sucesso,Tentativa sem sucesso; telefone chamou e não houve atendimento.
INT001536,PJ0530,2026-01-07,telefone,ativa,sem_sucesso,"Mensagem enviada no canal autorizado, ainda sem retorno do representante."
INT001538,PJ0530,2026-01-28,portal,receptiva,dificuldade_temporaria,Empresa informou sazonalidade no caixa e pediu parcelas alinhadas aos recebíveis.
INT001535,PJ0530,2026-02-03,whatsapp,ativa,promessa_registrada,Cliente confirmou data e valor para pagamento parcial pelo portal.
INT001537,PJ0530,2026-02-06,whatsapp,ativa,dificuldade_temporaria,Empresa informou sazonalidade no caixa e pediu parcelas alinhadas aos recebíveis.
INT001542,PJ0531,2026-03-18,telefone,ativa,sem_sucesso,E-mail devolvido; necessário validar o endereço antes de nova tentativa.
INT001540,PJ0531,2026-03-22,telefone,ativa,sem_sucesso,E-mail devolvido; necessário validar o endereço antes de nova tentativa.
INT001541,PJ0531,2026-04-06,whatsapp,ativa,sem_sucesso,"Mensagem enviada no canal autorizado, ainda sem retorno do representante."
INT001543,PJ0531,2026-04-27,telefone,ativa,sem_sucesso,"Mensagem enviada no canal autorizado, ainda sem retorno do representante."
INT001544,PJ0532,2026-02-14,email,ativa,sem_sucesso,"Mensagem enviada no canal autorizado, ainda sem retorno do representante."
INT001546,PJ0533,2025-11-27,portal,receptiva,sem_sucesso,Tentativa sem sucesso; telefone chamou e não houve atendimento.
INT001545,PJ0533,2026-01-22,telefone,ativa,dificuldade_temporaria,Representante relatou atraso pontual de um comprador e solicitou nova condição.
INT001547,PJ0534,2026-05-04,email,ativa,dificuldade_temporaria,Cliente relatou queda temporária de faturamento e interesse em parcelamento.
INT001548,PJ0534,2026-06-15,email,ativa,sem_sucesso,E-mail devolvido; necessário validar o endereço antes de nova tentativa.
INT001549,PJ0534,2026-06-16,whatsapp,ativa,sem_sucesso,Tentativa sem sucesso; telefone chamou e não houve atendimento.
INT001550,PJ0534,2026-06-27,whatsapp,receptiva,sem_sucesso,"Mensagem enviada no canal autorizado, ainda sem retorno do representante."
INT001551,PJ0535,2026-01-17,portal,ativa,intencao_pagamento,Representante confirmou intenção de pagamento após recebimento de cliente relevante.
INT001552,PJ0535,2026-02-05,telefone,ativa,promessa_registrada,Cliente confirmou data e valor para pagamento parcial pelo portal.
INT001554,PJ0536,2026-04-28,email,ativa,dificuldade_temporaria,Empresa informou sazonalidade no caixa e pediu parcelas alinhadas aos recebíveis.
INT001553,PJ0536,2026-05-24,portal,ativa,promessa_registrada,Cliente confirmou data e valor para pagamento parcial pelo portal.
INT001556,PJ0536,2026-06-06,portal,receptiva,promessa_registrada,"Promessa de pagamento registrada para os próximos dias, aguardando acompanhamento."
INT001555,PJ0536,2026-06-27,email,receptiva,dificuldade_temporaria,Representante relatou atraso pontual de um comprador e solicitou nova condição.
INT001559,PJ0537,2026-02-27,telefone,ativa,dificuldade_temporaria,Cliente relatou queda temporária de faturamento e interesse em parcelamento.
INT001557,PJ0537,2026-03-03,email,ativa,dificuldade_temporaria,Representante relatou atraso pontual de um comprador e solicitou nova condição.
INT001558,PJ0537,2026-03-24,email,ativa,intencao_pagamento,Representante confirmou intenção de pagamento após recebimento de cliente relevante.
INT001563,PJ0538,2026-02-18,email,ativa,intencao_pagamento,Empresa informou fluxo de caixa previsto e pediu envio das opções no portal.
INT001561,PJ0538,2026-03-08,whatsapp,ativa,dificuldade_temporaria,Cliente relatou queda temporária de faturamento e interesse em parcelamento.
INT001560,PJ0538,2026-04-22,portal,ativa,sem_sucesso,"Mensagem enviada no canal autorizado, ainda sem retorno do representante."
INT001562,PJ0538,2026-04-29,whatsapp,receptiva,sem_sucesso,Tentativa sem sucesso; telefone chamou e não houve atendimento.
INT001565,PJ0539,2026-02-25,email,receptiva,intencao_pagamento,Empresa informou fluxo de caixa previsto e pediu envio das opções no portal.
INT001564,PJ0539,2026-03-02,email,receptiva,intencao_pagamento,Cliente reconheceu o débito e solicitou prazo curto para organizar o pagamento.
INT001566,PJ0539,2026-04-09,telefone,ativa,sem_sucesso,Tentativa sem sucesso; telefone chamou e não houve atendimento.
INT001567,PJ0540,2026-03-09,telefone,ativa,sem_sucesso,"Mensagem enviada no canal autorizado, ainda sem retorno do representante."
INT001568,PJ0541,2026-03-27,telefone,ativa,intencao_pagamento,Empresa informou fluxo de caixa previsto e pediu envio das opções no portal.
INT001573,PJ0542,2025-12-17,telefone,ativa,intencao_pagamento,Representante confirmou intenção de pagamento após recebimento de cliente relevante.
INT001570,PJ0542,2025-12-19,whatsapp,ativa,sem_sucesso,"Mensagem enviada no canal autorizado, ainda sem retorno do representante."
INT001571,PJ0542,2025-12-20,telefone,ativa,promessa_registrada,"Promessa de pagamento registrada para os próximos dias, aguardando acompanhamento."
INT001572,PJ0542,2025-12-26,whatsapp,ativa,promessa_registrada,"Promessa de pagamento registrada para os próximos dias, aguardando acompanhamento."
INT001569,PJ0542,2026-01-03,portal,receptiva,contestacao,Representante contestou o valor e solicitou validação do contrato antes de negociar.
INT001575,PJ0543,2026-04-26,portal,ativa,recusa_oferta,Cliente considerou a parcela acima da capacidade atual e recusou a oferta.
INT001574,PJ0543,2026-05-05,whatsapp,ativa,promessa_registrada,Cliente confirmou data e valor para pagamento parcial pelo portal.
INT001576,PJ0543,2026-05-24,whatsapp,ativa,recusa_oferta,Cliente considerou a parcela acima da capacidade atual e recusou a oferta.
INT001578,PJ0544,2026-01-05,whatsapp,ativa,promessa_registrada,Cliente confirmou data e valor para pagamento parcial pelo portal.
INT001577,PJ0544,2026-01-22,telefone,ativa,contestacao,Cliente informou divergência no saldo; negociação interrompida para análise.
INT001579,PJ0544,2026-01-28,whatsapp,ativa,intencao_pagamento,Empresa informou fluxo de caixa previsto e pediu envio das opções no portal.
INT001581,PJ0544,2026-02-11,whatsapp,ativa,dificuldade_temporaria,Representante relatou atraso pontual de um comprador e solicitou nova condição.
INT001580,PJ0544,2026-02-13,telefone,ativa,intencao_pagamento,Cliente reconheceu o débito e solicitou prazo curto para organizar o pagamento.
INT001583,PJ0545,2025-12-17,whatsapp,ativa,sem_sucesso,Tentativa sem sucesso; telefone chamou e não houve atendimento.
INT001585,PJ0545,2026-01-25,portal,ativa,sem_sucesso,"Mensagem enviada no canal autorizado, ainda sem retorno do representante."
INT001582,PJ0545,2026-02-07,email,ativa,promessa_registrada,Cliente confirmou data e valor para pagamento parcial pelo portal.
INT001584,PJ0545,2026-02-16,telefone,ativa,dificuldade_temporaria,Empresa informou sazonalidade no caixa e pediu parcelas alinhadas aos recebíveis.
INT001586,PJ0546,2026-04-30,whatsapp,ativa,sem_sucesso,Tentativa sem sucesso; telefone chamou e não houve atendimento.
INT001587,PJ0546,2026-05-10,telefone,ativa,dificuldade_temporaria,Empresa informou sazonalidade no caixa e pediu parcelas alinhadas aos recebíveis.
INT001588,PJ0547,2026-02-16,email,ativa,recusa_oferta,Proposta apresentada não foi aceita; solicitado novo contato após revisão do caixa.
INT001592,PJ0547,2026-03-02,email,ativa,intencao_pagamento,Cliente reconheceu o débito e solicitou prazo curto para organizar o pagamento.
INT001590,PJ0547,2026-03-04,whatsapp,ativa,sem_sucesso,E-mail devolvido; necessário validar o endereço antes de nova tentativa.
INT001589,PJ0547,2026-03-17,telefone,ativa,intencao_pagamento,Cliente reconheceu o débito e solicitou prazo curto para organizar o pagamento.
INT001591,PJ0547,2026-04-19,email,receptiva,sem_sucesso,Tentativa sem sucesso; telefone chamou e não houve atendimento.
INT001593,PJ0548,2026-04-16,telefone,ativa,dificuldade_temporaria,Cliente relatou queda temporária de faturamento e interesse em parcelamento.
INT001596,PJ0549,2025-11-23,whatsapp,ativa,intencao_pagamento,Empresa informou fluxo de caixa previsto e pediu envio das opções no portal.
INT001595,PJ0549,2025-12-10,portal,ativa,recusa_oferta,Proposta apresentada não foi aceita; solicitado novo contato após revisão do caixa.
INT001594,PJ0549,2025-12-24,email,ativa,sem_sucesso,Tentativa sem sucesso; telefone chamou e não houve atendimento.
INT001597,PJ0550,2026-01-13,telefone,receptiva,intencao_pagamento,Empresa informou fluxo de caixa previsto e pediu envio das opções no portal.
INT001598,PJ0550,2026-02-07,telefone,ativa,intencao_pagamento,Empresa informou fluxo de caixa previsto e pediu envio das opções no portal.
INT001600,PJ0550,2026-02-07,whatsapp,ativa,intencao_pagamento,Empresa informou fluxo de caixa previsto e pediu envio das opções no portal.
INT001599,PJ0550,2026-02-12,telefone,ativa,intencao_pagamento,Representante confirmou intenção de pagamento após recebimento de cliente relevante.
INT001601,PJ0551,2026-03-31,portal,ativa,intencao_pagamento,Cliente reconheceu o débito e solicitou prazo curto para organizar o pagamento.
INT001603,PJ0551,2026-04-07,portal,ativa,sem_sucesso,Tentativa sem sucesso; telefone chamou e não houve atendimento.
INT001602,PJ0551,2026-05-08,email,ativa,intencao_pagamento,Cliente reconheceu o débito e solicitou prazo curto para organizar o pagamento.
INT001604,PJ0552,2026-05-29,telefone,ativa,intencao_pagamento,Cliente reconheceu o débito e solicitou prazo curto para organizar o pagamento.
INT001606,PJ0553,2025-12-20,telefone,ativa,promessa_registrada,Cliente confirmou data e valor para pagamento parcial pelo portal.
INT001605,PJ0553,2026-01-02,email,receptiva,sem_sucesso,"Mensagem enviada no canal autorizado, ainda sem retorno do representante."
INT001611,PJ0554,2025-11-15,portal,ativa,intencao_pagamento,Empresa informou fluxo de caixa previsto e pediu envio das opções no portal.
INT001609,PJ0554,2025-11-18,portal,ativa,promessa_registrada,Cliente confirmou data e valor para pagamento parcial pelo portal.
INT001608,PJ0554,2025-12-05,whatsapp,ativa,intencao_pagamento,Cliente reconheceu o débito e solicitou prazo curto para organizar o pagamento.
INT001610,PJ0554,2025-12-09,whatsapp,ativa,dificuldade_temporaria,Empresa informou sazonalidade no caixa e pediu parcelas alinhadas aos recebíveis.
INT001607,PJ0554,2025-12-24,whatsapp,receptiva,sem_sucesso,Tentativa sem sucesso; telefone chamou e não houve atendimento.
INT001612,PJ0555,2025-12-16,email,ativa,intencao_pagamento,Empresa informou fluxo de caixa previsto e pediu envio das opções no portal.
INT001613,PJ0555,2026-01-04,telefone,ativa,promessa_registrada,"Promessa de pagamento registrada para os próximos dias, aguardando acompanhamento."
INT001615,PJ0556,2025-12-10,portal,ativa,intencao_pagamento,Cliente reconheceu o débito e solicitou prazo curto para organizar o pagamento.
INT001616,PJ0556,2025-12-15,portal,ativa,promessa_registrada,Cliente confirmou data e valor para pagamento parcial pelo portal.
INT001614,PJ0556,2026-01-27,email,ativa,intencao_pagamento,Cliente reconheceu o débito e solicitou prazo curto para organizar o pagamento.
INT001619,PJ0557,2026-02-28,telefone,ativa,sem_sucesso,E-mail devolvido; necessário validar o endereço antes de nova tentativa.
INT001620,PJ0557,2026-03-04,email,ativa,dificuldade_temporaria,Cliente relatou queda temporária de faturamento e interesse em parcelamento.
INT001617,PJ0557,2026-03-22,whatsapp,ativa,sem_sucesso,E-mail devolvido; necessário validar o endereço antes de nova tentativa.
INT001618,PJ0557,2026-04-15,email,receptiva,sem_sucesso,Tentativa sem sucesso; telefone chamou e não houve atendimento.
INT001623,PJ0558,2026-02-04,telefone,ativa,recusa_oferta,Cliente considerou a parcela acima da capacidade atual e recusou a oferta.
INT001621,PJ0558,2026-02-15,whatsapp,receptiva,dificuldade_temporaria,Representante relatou atraso pontual de um comprador e solicitou nova condição.
INT001622,PJ0558,2026-02-15,whatsapp,ativa,dificuldade_temporaria,Empresa informou sazonalidade no caixa e pediu parcelas alinhadas aos recebíveis.
INT001625,PJ0558,2026-02-26,telefone,ativa,promessa_registrada,Cliente confirmou data e valor para pagamento parcial pelo portal.
INT001624,PJ0558,2026-03-21,email,ativa,recusa_oferta,Cliente considerou a parcela acima da capacidade atual e recusou a oferta.
INT001628,PJ0559,2026-02-17,telefone,ativa,sem_sucesso,Tentativa sem sucesso; telefone chamou e não houve atendimento.
INT001629,PJ0559,2026-02-24,telefone,ativa,recusa_oferta,Cliente considerou a parcela acima da capacidade atual e recusou a oferta.
INT001627,PJ0559,2026-03-09,whatsapp,ativa,recusa_oferta,Proposta apresentada não foi aceita; solicitado novo contato após revisão do caixa.
INT001626,PJ0559,2026-03-14,telefone,ativa,dificuldade_temporaria,Representante relatou atraso pontual de um comprador e solicitou nova condição.
INT001631,PJ0560,2026-04-28,telefone,ativa,sem_sucesso,Tentativa sem sucesso; telefone chamou e não houve atendimento.
INT001630,PJ0560,2026-05-21,telefone,ativa,promessa_registrada,"Promessa de pagamento registrada para os próximos dias, aguardando acompanhamento."
INT001632,PJ0560,2026-05-26,telefone,ativa,dificuldade_temporaria,Cliente relatou queda temporária de faturamento e interesse em parcelamento.
INT001633,PJ0561,2025-11-18,portal,ativa,sem_sucesso,Tentativa sem sucesso; telefone chamou e não houve atendimento.
INT001635,PJ0561,2025-11-26,whatsapp,receptiva,sem_sucesso,E-mail devolvido; necessário validar o endereço antes de nova tentativa.
INT001634,PJ0561,2025-12-15,telefone,ativa,recusa_oferta,Proposta apresentada não foi aceita; solicitado novo contato após revisão do caixa.
INT001636,PJ0561,2025-12-17,whatsapp,ativa,dificuldade_temporaria,Cliente relatou queda temporária de faturamento e interesse em parcelamento.
INT001637,PJ0562,2026-01-01,whatsapp,ativa,sem_sucesso,Tentativa sem sucesso; telefone chamou e não houve atendimento.
INT001638,PJ0562,2026-02-16,email,receptiva,sem_sucesso,Tentativa sem sucesso; telefone chamou e não houve atendimento.
INT001642,PJ0563,2026-01-18,portal,ativa,intencao_pagamento,Empresa informou fluxo de caixa previsto e pediu envio das opções no portal.
INT001639,PJ0563,2026-01-29,whatsapp,ativa,intencao_pagamento,Empresa informou fluxo de caixa previsto e pediu envio das opções no portal.
INT001641,PJ0563,2026-02-13,portal,ativa,dificuldade_temporaria,Representante relatou atraso pontual de um comprador e solicitou nova condição.
INT001640,PJ0563,2026-03-20,email,ativa,sem_sucesso,"Mensagem enviada no canal autorizado, ainda sem retorno do representante."
INT001646,PJ0564,2025-12-22,whatsapp,ativa,recusa_oferta,Cliente considerou a parcela acima da capacidade atual e recusou a oferta.
INT001644,PJ0564,2026-01-03,telefone,ativa,sem_sucesso,Tentativa sem sucesso; telefone chamou e não houve atendimento.
INT001645,PJ0564,2026-01-24,email,ativa,sem_sucesso,E-mail devolvido; necessário validar o endereço antes de nova tentativa.
INT001643,PJ0564,2026-02-15,telefone,ativa,intencao_pagamento,Representante confirmou intenção de pagamento após recebimento de cliente relevante.
INT001647,PJ0564,2026-02-23,portal,ativa,intencao_pagamento,Empresa informou fluxo de caixa previsto e pediu envio das opções no portal.
INT001648,PJ0565,2026-04-25,email,ativa,dificuldade_temporaria,Representante relatou atraso pontual de um comprador e solicitou nova condição.
INT001649,PJ0566,2026-05-02,email,ativa,promessa_registrada,"Promessa de pagamento registrada para os próximos dias, aguardando acompanhamento."
INT001652,PJ0566,2026-05-18,whatsapp,ativa,contestacao,Representante contestou o valor e solicitou validação do contrato antes de negociar.
INT001650,PJ0566,2026-05-26,portal,ativa,sem_sucesso,E-mail devolvido; necessário validar o endereço antes de nova tentativa.
INT001651,PJ0566,2026-06-15,whatsapp,ativa,recusa_oferta,Proposta apresentada não foi aceita; solicitado novo contato após revisão do caixa.
INT001655,PJ0567,2026-01-01,telefone,receptiva,promessa_registrada,Cliente confirmou data e valor para pagamento parcial pelo portal.
INT001657,PJ0567,2026-01-01,telefone,receptiva,recusa_oferta,Proposta apresentada não foi aceita; solicitado novo contato após revisão do caixa.
INT001653,PJ0567,2026-01-07,telefone,ativa,intencao_pagamento,Cliente reconheceu o débito e solicitou prazo curto para organizar o pagamento.
INT001656,PJ0567,2026-01-12,telefone,receptiva,dificuldade_temporaria,Representante relatou atraso pontual de um comprador e solicitou nova condição.
INT001654,PJ0567,2026-01-13,portal,ativa,sem_sucesso,E-mail devolvido; necessário validar o endereço antes de nova tentativa.
INT001658,PJ0568,2026-04-04,whatsapp,ativa,promessa_registrada,Cliente confirmou data e valor para pagamento parcial pelo portal.
INT001660,PJ0569,2026-01-14,email,ativa,sem_sucesso,E-mail devolvido; necessário validar o endereço antes de nova tentativa.
INT001659,PJ0569,2026-01-16,email,receptiva,promessa_registrada,"Promessa de pagamento registrada para os próximos dias, aguardando acompanhamento."
INT001661,PJ0570,2026-04-28,telefone,ativa,sem_sucesso,E-mail devolvido; necessário validar o endereço antes de nova tentativa.
INT001662,PJ0570,2026-05-03,whatsapp,ativa,sem_sucesso,E-mail devolvido; necessário validar o endereço antes de nova tentativa.
INT001663,PJ0570,2026-06-02,telefone,ativa,intencao_pagamento,Empresa informou fluxo de caixa previsto e pediu envio das opções no portal.
INT001664,PJ0570,2026-06-06,whatsapp,ativa,promessa_registrada,"Promessa de pagamento registrada para os próximos dias, aguardando acompanhamento."
INT001665,PJ0571,2026-01-03,whatsapp,ativa,promessa_registrada,"Promessa de pagamento registrada para os próximos dias, aguardando acompanhamento."
INT001669,PJ0571,2026-01-06,whatsapp,ativa,intencao_pagamento,Cliente reconheceu o débito e solicitou prazo curto para organizar o pagamento.
INT001667,PJ0571,2026-01-26,portal,ativa,sem_sucesso,Tentativa sem sucesso; telefone chamou e não houve atendimento.
INT001668,PJ0571,2026-02-06,email,receptiva,sem_sucesso,"Mensagem enviada no canal autorizado, ainda sem retorno do representante."
INT001666,PJ0571,2026-02-17,email,ativa,sem_sucesso,E-mail devolvido; necessário validar o endereço antes de nova tentativa.
INT001671,PJ0572,2026-03-23,email,ativa,recuperacao_judicial,Representante informou processo de recuperação judicial; caso requer equipe especializada.
INT001670,PJ0572,2026-04-16,telefone,ativa,sem_sucesso,"Mensagem enviada no canal autorizado, ainda sem retorno do representante."
INT001674,PJ0573,2026-04-24,telefone,ativa,sem_sucesso,E-mail devolvido; necessário validar o endereço antes de nova tentativa.
INT001672,PJ0573,2026-05-02,telefone,ativa,promessa_registrada,"Promessa de pagamento registrada para os próximos dias, aguardando acompanhamento."
INT001675,PJ0573,2026-05-28,whatsapp,ativa,intencao_pagamento,Cliente reconheceu o débito e solicitou prazo curto para organizar o pagamento.
INT001673,PJ0573,2026-06-01,telefone,receptiva,sem_sucesso,"Mensagem enviada no canal autorizado, ainda sem retorno do representante."
INT001676,PJ0574,2026-05-19,telefone,ativa,sem_sucesso,"Mensagem enviada no canal autorizado, ainda sem retorno do representante."
INT001679,PJ0575,2026-02-14,telefone,ativa,promessa_registrada,Cliente confirmou data e valor para pagamento parcial pelo portal.
INT001678,PJ0575,2026-03-10,email,ativa,sem_sucesso,"Mensagem enviada no canal autorizado, ainda sem retorno do representante."
INT001680,PJ0575,2026-03-12,email,ativa,recusa_oferta,Cliente considerou a parcela acima da capacidade atual e recusou a oferta.
INT001677,PJ0575,2026-04-15,telefone,ativa,promessa_registrada,"Promessa de pagamento registrada para os próximos dias, aguardando acompanhamento."
INT001681,PJ0576,2026-01-12,email,receptiva,sem_sucesso,Tentativa sem sucesso; telefone chamou e não houve atendimento.
INT001682,PJ0577,2026-04-14,telefone,ativa,dificuldade_temporaria,Representante relatou atraso pontual de um comprador e solicitou nova condição.
INT001684,PJ0577,2026-04-23,telefone,ativa,recusa_oferta,Cliente considerou a parcela acima da capacidade atual e recusou a oferta.
INT001683,PJ0577,2026-05-27,email,receptiva,sem_sucesso,Tentativa sem sucesso; telefone chamou e não houve atendimento.
INT001686,PJ0578,2026-01-13,whatsapp,ativa,intencao_pagamento,Empresa informou fluxo de caixa previsto e pediu envio das opções no portal.
INT001687,PJ0578,2026-02-07,whatsapp,ativa,sem_sucesso,E-mail devolvido; necessário validar o endereço antes de nova tentativa.
INT001685,PJ0578,2026-02-23,email,ativa,promessa_registrada,Cliente confirmou data e valor para pagamento parcial pelo portal.
INT001688,PJ0579,2026-01-13,email,receptiva,sem_sucesso,"Mensagem enviada no canal autorizado, ainda sem retorno do representante."
INT001690,PJ0579,2026-01-13,telefone,receptiva,sem_sucesso,"Mensagem enviada no canal autorizado, ainda sem retorno do representante."
INT001692,PJ0579,2026-02-09,whatsapp,receptiva,dificuldade_temporaria,Representante relatou atraso pontual de um comprador e solicitou nova condição.
INT001689,PJ0579,2026-03-13,email,ativa,intencao_pagamento,Representante confirmou intenção de pagamento após recebimento de cliente relevante.
INT001691,PJ0579,2026-03-16,email,ativa,contestacao,Representante contestou o valor e solicitou validação do contrato antes de negociar.
INT001694,PJ0580,2026-01-04,email,ativa,contestacao,Representante contestou o valor e solicitou validação do contrato antes de negociar.
INT001695,PJ0580,2026-01-11,whatsapp,ativa,sem_sucesso,E-mail devolvido; necessário validar o endereço antes de nova tentativa.
INT001693,PJ0580,2026-02-04,email,receptiva,promessa_registrada,Cliente confirmou data e valor para pagamento parcial pelo portal.
INT001699,PJ0581,2025-12-30,whatsapp,ativa,intencao_pagamento,Representante confirmou intenção de pagamento após recebimento de cliente relevante.
INT001696,PJ0581,2026-01-08,email,receptiva,sem_sucesso,Tentativa sem sucesso; telefone chamou e não houve atendimento.
INT001698,PJ0581,2026-01-30,telefone,receptiva,promessa_registrada,"Promessa de pagamento registrada para os próximos dias, aguardando acompanhamento."
INT001697,PJ0581,2026-02-19,telefone,ativa,sem_sucesso,"Mensagem enviada no canal autorizado, ainda sem retorno do representante."
INT001700,PJ0582,2026-03-20,email,receptiva,intencao_pagamento,Empresa informou fluxo de caixa previsto e pediu envio das opções no portal.
INT001703,PJ0582,2026-04-20,email,ativa,dificuldade_temporaria,Cliente relatou queda temporária de faturamento e interesse em parcelamento.
INT001702,PJ0582,2026-04-27,email,receptiva,sem_sucesso,Tentativa sem sucesso; telefone chamou e não houve atendimento.
INT001701,PJ0582,2026-05-14,portal,receptiva,sem_sucesso,Tentativa sem sucesso; telefone chamou e não houve atendimento.
INT001704,PJ0583,2026-04-30,email,ativa,dificuldade_temporaria,Cliente relatou queda temporária de faturamento e interesse em parcelamento.
INT001705,PJ0583,2026-05-23,telefone,ativa,dificuldade_temporaria,Cliente relatou queda temporária de faturamento e interesse em parcelamento.
INT001707,PJ0583,2026-05-24,email,ativa,dificuldade_temporaria,Empresa informou sazonalidade no caixa e pediu parcelas alinhadas aos recebíveis.
INT001708,PJ0583,2026-05-24,whatsapp,receptiva,dificuldade_temporaria,Representante relatou atraso pontual de um comprador e solicitou nova condição.
INT001706,PJ0583,2026-06-02,whatsapp,ativa,intencao_pagamento,Cliente reconheceu o débito e solicitou prazo curto para organizar o pagamento.
INT001709,PJ0584,2026-02-19,email,ativa,sem_sucesso,"Mensagem enviada no canal autorizado, ainda sem retorno do representante."
INT001710,PJ0584,2026-03-03,whatsapp,ativa,sem_sucesso,"Mensagem enviada no canal autorizado, ainda sem retorno do representante."
INT001711,PJ0584,2026-03-27,email,ativa,dificuldade_temporaria,Empresa informou sazonalidade no caixa e pediu parcelas alinhadas aos recebíveis.
INT001714,PJ0585,2025-12-18,portal,ativa,dificuldade_temporaria,Representante relatou atraso pontual de um comprador e solicitou nova condição.
INT001716,PJ0585,2025-12-18,portal,ativa,sem_sucesso,Tentativa sem sucesso; telefone chamou e não houve atendimento.
INT001712,PJ0585,2025-12-28,telefone,ativa,promessa_registrada,Cliente confirmou data e valor para pagamento parcial pelo portal.
INT001715,PJ0585,2026-02-05,email,ativa,sem_sucesso,"Mensagem enviada no canal autorizado, ainda sem retorno do representante."
INT001713,PJ0585,2026-02-11,whatsapp,ativa,sem_sucesso,"Mensagem enviada no canal autorizado, ainda sem retorno do representante."
INT001719,PJ0586,2025-11-24,portal,ativa,intencao_pagamento,Representante confirmou intenção de pagamento após recebimento de cliente relevante.
INT001720,PJ0586,2025-12-09,portal,ativa,sem_sucesso,"Mensagem enviada no canal autorizado, ainda sem retorno do representante."
INT001717,PJ0586,2025-12-15,whatsapp,ativa,dificuldade_temporaria,Empresa informou sazonalidade no caixa e pediu parcelas alinhadas aos recebíveis.
INT001718,PJ0586,2025-12-29,telefone,ativa,sem_sucesso,Tentativa sem sucesso; telefone chamou e não houve atendimento.
INT001722,PJ0587,2025-12-18,portal,ativa,sem_sucesso,Tentativa sem sucesso; telefone chamou e não houve atendimento.
INT001721,PJ0587,2025-12-27,whatsapp,receptiva,dificuldade_temporaria,Cliente relatou queda temporária de faturamento e interesse em parcelamento.
INT001723,PJ0588,2026-03-25,telefone,receptiva,sem_sucesso,Tentativa sem sucesso; telefone chamou e não houve atendimento.
INT001726,PJ0589,2025-11-17,whatsapp,ativa,sem_sucesso,Tentativa sem sucesso; telefone chamou e não houve atendimento.
INT001725,PJ0589,2025-11-28,whatsapp,receptiva,intencao_pagamento,Empresa informou fluxo de caixa previsto e pediu envio das opções no portal.
INT001724,PJ0589,2026-01-11,portal,ativa,dificuldade_temporaria,Cliente relatou queda temporária de faturamento e interesse em parcelamento.
INT001727,PJ0589,2026-01-19,whatsapp,receptiva,sem_sucesso,"Mensagem enviada no canal autorizado, ainda sem retorno do representante."
INT001728,PJ0590,2026-02-14,email,ativa,sem_sucesso,Tentativa sem sucesso; telefone chamou e não houve atendimento.
INT001731,PJ0590,2026-03-18,telefone,ativa,sem_sucesso,Tentativa sem sucesso; telefone chamou e não houve atendimento.
INT001732,PJ0590,2026-04-11,telefone,ativa,dificuldade_temporaria,Representante relatou atraso pontual de um comprador e solicitou nova condição.
INT001729,PJ0590,2026-04-16,whatsapp,ativa,sem_sucesso,"Mensagem enviada no canal autorizado, ainda sem retorno do representante."
INT001730,PJ0590,2026-04-22,portal,ativa,promessa_registrada,"Promessa de pagamento registrada para os próximos dias, aguardando acompanhamento."
INT001734,PJ0591,2025-12-07,whatsapp,ativa,recusa_oferta,Proposta apresentada não foi aceita; solicitado novo contato após revisão do caixa.
INT001733,PJ0591,2025-12-19,whatsapp,ativa,dificuldade_temporaria,Cliente relatou queda temporária de faturamento e interesse em parcelamento.
INT001735,PJ0592,2026-04-05,telefone,ativa,promessa_registrada,"Promessa de pagamento registrada para os próximos dias, aguardando acompanhamento."
INT001736,PJ0592,2026-04-19,portal,receptiva,sem_sucesso,"Mensagem enviada no canal autorizado, ainda sem retorno do representante."
INT001738,PJ0593,2026-03-15,email,ativa,promessa_registrada,"Promessa de pagamento registrada para os próximos dias, aguardando acompanhamento."
INT001739,PJ0593,2026-03-26,telefone,ativa,intencao_pagamento,Cliente reconheceu o débito e solicitou prazo curto para organizar o pagamento.
INT001737,PJ0593,2026-04-07,whatsapp,ativa,dificuldade_temporaria,Empresa informou sazonalidade no caixa e pediu parcelas alinhadas aos recebíveis.
INT001740,PJ0594,2026-04-16,whatsapp,ativa,sem_sucesso,E-mail devolvido; necessário validar o endereço antes de nova tentativa.
INT001743,PJ0594,2026-04-20,whatsapp,ativa,sem_sucesso,E-mail devolvido; necessário validar o endereço antes de nova tentativa.
INT001742,PJ0594,2026-05-06,portal,ativa,dificuldade_temporaria,Cliente relatou queda temporária de faturamento e interesse em parcelamento.
INT001744,PJ0594,2026-05-24,telefone,ativa,intencao_pagamento,Cliente reconheceu o débito e solicitou prazo curto para organizar o pagamento.
INT001741,PJ0594,2026-05-29,whatsapp,ativa,intencao_pagamento,Empresa informou fluxo de caixa previsto e pediu envio das opções no portal.
INT001747,PJ0595,2026-02-16,whatsapp,ativa,intencao_pagamento,Representante confirmou intenção de pagamento após recebimento de cliente relevante.
INT001748,PJ0595,2026-03-15,portal,ativa,intencao_pagamento,Representante confirmou intenção de pagamento após recebimento de cliente relevante.
INT001749,PJ0595,2026-04-05,whatsapp,ativa,dificuldade_temporaria,Representante relatou atraso pontual de um comprador e solicitou nova condição.
INT001746,PJ0595,2026-04-10,whatsapp,ativa,sem_sucesso,Tentativa sem sucesso; telefone chamou e não houve atendimento.
INT001745,PJ0595,2026-04-13,whatsapp,ativa,dificuldade_temporaria,Empresa informou sazonalidade no caixa e pediu parcelas alinhadas aos recebíveis.
INT001750,PJ0596,2026-01-20,telefone,ativa,recusa_oferta,Proposta apresentada não foi aceita; solicitado novo contato após revisão do caixa.
INT001751,PJ0596,2026-01-27,whatsapp,receptiva,contestacao,Representante contestou o valor e solicitou validação do contrato antes de negociar.
INT001753,PJ0597,2026-04-18,whatsapp,ativa,dificuldade_temporaria,Representante relatou atraso pontual de um comprador e solicitou nova condição.
INT001756,PJ0597,2026-04-22,portal,ativa,sem_sucesso,Tentativa sem sucesso; telefone chamou e não houve atendimento.
INT001754,PJ0597,2026-05-18,telefone,ativa,intencao_pagamento,Cliente reconheceu o débito e solicitou prazo curto para organizar o pagamento.
INT001755,PJ0597,2026-06-03,whatsapp,ativa,intencao_pagamento,Cliente reconheceu o débito e solicitou prazo curto para organizar o pagamento.
INT001752,PJ0597,2026-06-13,whatsapp,receptiva,promessa_registrada,"Promessa de pagamento registrada para os próximos dias, aguardando acompanhamento."
INT001757,PJ0598,2026-05-07,portal,receptiva,intencao_pagamento,Representante confirmou intenção de pagamento após recebimento de cliente relevante.
INT001758,PJ0599,2026-04-20,portal,ativa,dificuldade_temporaria,Empresa informou sazonalidade no caixa e pediu parcelas alinhadas aos recebíveis.
INT001759,PJ0599,2026-06-27,whatsapp,ativa,promessa_registrada,"Promessa de pagamento registrada para os próximos dias, aguardando acompanhamento."
INT001763,PJ0600,2026-01-22,whatsapp,ativa,promessa_registrada,"Promessa de pagamento registrada para os próximos dias, aguardando acompanhamento."
INT001762,PJ0600,2026-02-05,portal,receptiva,dificuldade_temporaria,Cliente relatou queda temporária de faturamento e interesse em parcelamento.
INT001764,PJ0600,2026-02-11,telefone,ativa,sem_sucesso,"Mensagem enviada no canal autorizado, ainda sem retorno do representante."
INT001761,PJ0600,2026-03-04,email,ativa,recusa_oferta,Proposta apresentada não foi aceita; solicitado novo contato após revisão do caixa.
INT001760,PJ0600,2026-03-11,whatsapp,ativa,promessa_registrada,Cliente confirmou data e valor para pagamento parcial pelo portal.
INT001765,PJ0601,2026-01-27,whatsapp,ativa,promessa_registrada,Cliente confirmou data e valor para pagamento parcial pelo portal.
INT001766,PJ0601,2026-03-02,whatsapp,ativa,recusa_oferta,Proposta apresentada não foi aceita; solicitado novo contato após revisão do caixa.
INT001767,PJ0602,2026-02-07,portal,ativa,intencao_pagamento,Empresa informou fluxo de caixa previsto e pediu envio das opções no portal.
INT001768,PJ0602,2026-02-12,email,ativa,sem_sucesso,"Mensagem enviada no canal autorizado, ainda sem retorno do representante."
INT001771,PJ0603,2025-11-16,telefone,ativa,dificuldade_temporaria,Cliente relatou queda temporária de faturamento e interesse em parcelamento.
INT001773,PJ0603,2025-12-07,whatsapp,receptiva,dificuldade_temporaria,Representante relatou atraso pontual de um comprador e solicitou nova condição.
INT001769,PJ0603,2026-01-04,whatsapp,ativa,sem_sucesso,"Mensagem enviada no canal autorizado, ainda sem retorno do representante."
INT001772,PJ0603,2026-01-14,whatsapp,ativa,dificuldade_temporaria,Cliente relatou queda temporária de faturamento e interesse em parcelamento.
INT001770,PJ0603,2026-01-17,telefone,ativa,intencao_pagamento,Empresa informou fluxo de caixa previsto e pediu envio das opções no portal.
INT001778,PJ0604,2026-01-03,portal,ativa,intencao_pagamento,Cliente reconheceu o débito e solicitou prazo curto para organizar o pagamento.
INT001774,PJ0604,2026-01-16,portal,ativa,recusa_oferta,Cliente considerou a parcela acima da capacidade atual e recusou a oferta.
INT001776,PJ0604,2026-01-27,whatsapp,ativa,promessa_registrada,Cliente confirmou data e valor para pagamento parcial pelo portal.
INT001777,PJ0604,2026-02-12,telefone,ativa,dificuldade_temporaria,Cliente relatou queda temporária de faturamento e interesse em parcelamento.
INT001775,PJ0604,2026-02-15,telefone,receptiva,dificuldade_temporaria,Cliente relatou queda temporária de faturamento e interesse em parcelamento.
INT001780,PJ0605,2025-12-07,telefone,ativa,sem_sucesso,Tentativa sem sucesso; telefone chamou e não houve atendimento.
INT001779,PJ0605,2026-01-22,portal,ativa,intencao_pagamento,Empresa informou fluxo de caixa previsto e pediu envio das opções no portal.
INT001781,PJ0606,2026-01-18,email,ativa,sem_sucesso,"Mensagem enviada no canal autorizado, ainda sem retorno do representante."
INT001782,PJ0606,2026-01-29,portal,receptiva,sem_sucesso,E-mail devolvido; necessário validar o endereço antes de nova tentativa.
INT001783,PJ0606,2026-02-09,telefone,ativa,intencao_pagamento,Cliente reconheceu o débito e solicitou prazo curto para organizar o pagamento.
INT001784,PJ0606,2026-02-27,whatsapp,receptiva,dificuldade_temporaria,Empresa informou sazonalidade no caixa e pediu parcelas alinhadas aos recebíveis.
INT001785,PJ0607,2026-03-25,email,receptiva,dificuldade_temporaria,Cliente relatou queda temporária de faturamento e interesse em parcelamento.
INT001786,PJ0607,2026-04-17,whatsapp,receptiva,dificuldade_temporaria,Representante relatou atraso pontual de um comprador e solicitou nova condição.
INT001787,PJ0607,2026-04-20,whatsapp,ativa,intencao_pagamento,Representante confirmou intenção de pagamento após recebimento de cliente relevante.
INT001788,PJ0607,2026-04-21,whatsapp,ativa,promessa_registrada,"Promessa de pagamento registrada para os próximos dias, aguardando acompanhamento."
INT001789,PJ0608,2026-01-17,email,ativa,contestacao,Cliente informou divergência no saldo; negociação interrompida para análise.
INT001792,PJ0608,2026-01-24,portal,ativa,intencao_pagamento,Cliente reconheceu o débito e solicitou prazo curto para organizar o pagamento.
INT001791,PJ0608,2026-02-16,whatsapp,receptiva,recusa_oferta,Cliente considerou a parcela acima da capacidade atual e recusou a oferta.
INT001790,PJ0608,2026-03-20,whatsapp,ativa,sem_sucesso,"Mensagem enviada no canal autorizado, ainda sem retorno do representante."
INT001794,PJ0609,2025-12-27,portal,ativa,sem_sucesso,"Mensagem enviada no canal autorizado, ainda sem retorno do representante."
INT001793,PJ0609,2025-12-31,whatsapp,ativa,sem_sucesso,Tentativa sem sucesso; telefone chamou e não houve atendimento.
INT001796,PJ0609,2026-01-18,telefone,ativa,dificuldade_temporaria,Representante relatou atraso pontual de um comprador e solicitou nova condição.
INT001795,PJ0609,2026-02-20,whatsapp,ativa,contestacao,Representante contestou o valor e solicitou validação do contrato antes de negociar.
INT001800,PJ0610,2025-12-26,whatsapp,receptiva,contestacao,Cliente informou divergência no saldo; negociação interrompida para análise.
INT001801,PJ0610,2026-01-11,telefone,receptiva,dificuldade_temporaria,Cliente relatou queda temporária de faturamento e interesse em parcelamento.
INT001798,PJ0610,2026-01-19,email,receptiva,dificuldade_temporaria,Representante relatou atraso pontual de um comprador e solicitou nova condição.
INT001799,PJ0610,2026-01-19,portal,ativa,sem_sucesso,Tentativa sem sucesso; telefone chamou e não houve atendimento.
INT001797,PJ0610,2026-02-12,whatsapp,ativa,intencao_pagamento,Cliente reconheceu o débito e solicitou prazo curto para organizar o pagamento.
INT001803,PJ0611,2026-02-08,whatsapp,ativa,sem_sucesso,E-mail devolvido; necessário validar o endereço antes de nova tentativa.
INT001804,PJ0611,2026-02-16,whatsapp,receptiva,sem_sucesso,"Mensagem enviada no canal autorizado, ainda sem retorno do representante."
INT001802,PJ0611,2026-02-17,whatsapp,ativa,intencao_pagamento,Cliente reconheceu o débito e solicitou prazo curto para organizar o pagamento.
INT001805,PJ0612,2026-05-13,portal,ativa,intencao_pagamento,Empresa informou fluxo de caixa previsto e pediu envio das opções no portal.
INT001806,PJ0613,2026-03-10,whatsapp,ativa,sem_sucesso,"Mensagem enviada no canal autorizado, ainda sem retorno do representante."
INT001807,PJ0613,2026-03-24,whatsapp,ativa,sem_sucesso,"Mensagem enviada no canal autorizado, ainda sem retorno do representante."
INT001812,PJ0614,2026-04-29,telefone,ativa,recuperacao_judicial,Representante informou processo de recuperação judicial; caso requer equipe especializada.
INT001809,PJ0614,2026-05-13,telefone,ativa,sem_sucesso,E-mail devolvido; necessário validar o endereço antes de nova tentativa.
INT001810,PJ0614,2026-05-24,whatsapp,ativa,promessa_registrada,Cliente confirmou data e valor para pagamento parcial pelo portal.
INT001808,PJ0614,2026-06-11,email,receptiva,dificuldade_temporaria,Cliente relatou queda temporária de faturamento e interesse em parcelamento.
INT001811,PJ0614,2026-06-27,whatsapp,receptiva,sem_sucesso,"Mensagem enviada no canal autorizado, ainda sem retorno do representante."
INT001813,PJ0615,2026-05-16,telefone,receptiva,dificuldade_temporaria,Empresa informou sazonalidade no caixa e pediu parcelas alinhadas aos recebíveis.
INT001814,PJ0615,2026-06-17,email,ativa,promessa_registrada,Cliente confirmou data e valor para pagamento parcial pelo portal.
INT001817,PJ0616,2026-02-15,whatsapp,receptiva,sem_sucesso,"Mensagem enviada no canal autorizado, ainda sem retorno do representante."
INT001818,PJ0616,2026-03-23,whatsapp,ativa,sem_sucesso,Tentativa sem sucesso; telefone chamou e não houve atendimento.
INT001815,PJ0616,2026-03-31,whatsapp,receptiva,promessa_registrada,Cliente confirmou data e valor para pagamento parcial pelo portal.
INT001816,PJ0616,2026-04-11,email,ativa,promessa_registrada,Cliente confirmou data e valor para pagamento parcial pelo portal.
INT001819,PJ0617,2026-03-14,telefone,receptiva,sem_sucesso,E-mail devolvido; necessário validar o endereço antes de nova tentativa.
INT001820,PJ0617,2026-03-30,email,ativa,promessa_registrada,Cliente confirmou data e valor para pagamento parcial pelo portal.
INT001822,PJ0617,2026-05-08,whatsapp,receptiva,sem_sucesso,Tentativa sem sucesso; telefone chamou e não houve atendimento.
INT001821,PJ0617,2026-05-12,portal,ativa,dificuldade_temporaria,Representante relatou atraso pontual de um comprador e solicitou nova condição.
INT001823,PJ0618,2026-01-09,whatsapp,ativa,dificuldade_temporaria,Empresa informou sazonalidade no caixa e pediu parcelas alinhadas aos recebíveis.
INT001826,PJ0619,2025-12-21,whatsapp,receptiva,recuperacao_judicial,Representante informou processo de recuperação judicial; caso requer equipe especializada.
INT001827,PJ0619,2025-12-24,portal,ativa,intencao_pagamento,Cliente reconheceu o débito e solicitou prazo curto para organizar o pagamento.
INT001825,PJ0619,2026-01-02,telefone,ativa,sem_sucesso,E-mail devolvido; necessário validar o endereço antes de nova tentativa.
INT001824,PJ0619,2026-02-06,telefone,ativa,dificuldade_temporaria,Empresa informou sazonalidade no caixa e pediu parcelas alinhadas aos recebíveis.
INT001829,PJ0620,2026-05-17,telefone,ativa,promessa_registrada,Cliente confirmou data e valor para pagamento parcial pelo portal.
INT001832,PJ0620,2026-05-21,whatsapp,receptiva,dificuldade_temporaria,Representante relatou atraso pontual de um comprador e solicitou nova condição.
INT001830,PJ0620,2026-06-08,telefone,ativa,intencao_pagamento,Representante confirmou intenção de pagamento após recebimento de cliente relevante.
INT001831,PJ0620,2026-06-14,telefone,receptiva,promessa_registrada,Cliente confirmou data e valor para pagamento parcial pelo portal.
INT001828,PJ0620,2026-06-17,portal,ativa,sem_sucesso,"Mensagem enviada no canal autorizado, ainda sem retorno do representante."
INT001833,PJ0621,2026-05-11,telefone,ativa,recusa_oferta,Proposta apresentada não foi aceita; solicitado novo contato após revisão do caixa.
INT001834,PJ0622,2026-01-21,whatsapp,ativa,dificuldade_temporaria,Empresa informou sazonalidade no caixa e pediu parcelas alinhadas aos recebíveis.
INT001835,PJ0623,2026-04-18,whatsapp,ativa,intencao_pagamento,Empresa informou fluxo de caixa previsto e pediu envio das opções no portal.
INT001836,PJ0624,2026-02-10,whatsapp,receptiva,promessa_registrada,Cliente confirmou data e valor para pagamento parcial pelo portal.
INT001838,PJ0625,2026-03-29,telefone,ativa,intencao_pagamento,Empresa informou fluxo de caixa previsto e pediu envio das opções no portal.
INT001837,PJ0625,2026-04-08,telefone,ativa,promessa_registrada,Cliente confirmou data e valor para pagamento parcial pelo portal.
INT001841,PJ0626,2026-05-09,whatsapp,ativa,intencao_pagamento,Empresa informou fluxo de caixa previsto e pediu envio das opções no portal.
INT001840,PJ0626,2026-05-20,email,ativa,contestacao,Representante contestou o valor e solicitou validação do contrato antes de negociar.
INT001839,PJ0626,2026-05-21,portal,ativa,sem_sucesso,"Mensagem enviada no canal autorizado, ainda sem retorno do representante."
INT001843,PJ0627,2026-04-25,portal,receptiva,promessa_registrada,Cliente confirmou data e valor para pagamento parcial pelo portal.
INT001845,PJ0627,2026-05-02,whatsapp,ativa,promessa_registrada,Cliente confirmou data e valor para pagamento parcial pelo portal.
INT001846,PJ0627,2026-05-13,portal,receptiva,sem_sucesso,"Mensagem enviada no canal autorizado, ainda sem retorno do representante."
INT001842,PJ0627,2026-05-28,whatsapp,ativa,intencao_pagamento,Empresa informou fluxo de caixa previsto e pediu envio das opções no portal.
INT001844,PJ0627,2026-06-07,email,ativa,promessa_registrada,Cliente confirmou data e valor para pagamento parcial pelo portal.
INT001847,PJ0628,2026-02-21,whatsapp,ativa,dificuldade_temporaria,Empresa informou sazonalidade no caixa e pediu parcelas alinhadas aos recebíveis.
INT001848,PJ0628,2026-03-05,email,ativa,sem_sucesso,"Mensagem enviada no canal autorizado, ainda sem retorno do representante."
INT001850,PJ0629,2026-02-14,telefone,ativa,sem_sucesso,Tentativa sem sucesso; telefone chamou e não houve atendimento.
INT001849,PJ0629,2026-03-21,portal,receptiva,sem_sucesso,E-mail devolvido; necessário validar o endereço antes de nova tentativa.
INT001851,PJ0630,2026-03-10,portal,ativa,recusa_oferta,Cliente considerou a parcela acima da capacidade atual e recusou a oferta.
INT001852,PJ0631,2026-02-27,telefone,receptiva,sem_sucesso,Tentativa sem sucesso; telefone chamou e não houve atendimento.
INT001853,PJ0631,2026-03-29,email,receptiva,sem_sucesso,"Mensagem enviada no canal autorizado, ainda sem retorno do representante."
INT001855,PJ0632,2026-02-09,telefone,ativa,dificuldade_temporaria,Empresa informou sazonalidade no caixa e pediu parcelas alinhadas aos recebíveis.
INT001854,PJ0632,2026-02-15,whatsapp,ativa,promessa_registrada,"Promessa de pagamento registrada para os próximos dias, aguardando acompanhamento."
INT001857,PJ0633,2026-04-10,email,receptiva,sem_sucesso,E-mail devolvido; necessário validar o endereço antes de nova tentativa.
INT001858,PJ0633,2026-04-18,whatsapp,receptiva,intencao_pagamento,Cliente reconheceu o débito e solicitou prazo curto para organizar o pagamento.
INT001856,PJ0633,2026-05-25,telefone,ativa,dificuldade_temporaria,Representante relatou atraso pontual de um comprador e solicitou nova condição.
INT001861,PJ0634,2026-04-08,portal,ativa,dificuldade_temporaria,Representante relatou atraso pontual de um comprador e solicitou nova condição.
INT001860,PJ0634,2026-04-27,telefone,ativa,sem_sucesso,E-mail devolvido; necessário validar o endereço antes de nova tentativa.
INT001859,PJ0634,2026-05-07,email,ativa,promessa_registrada,"Promessa de pagamento registrada para os próximos dias, aguardando acompanhamento."
INT001862,PJ0635,2025-11-18,whatsapp,ativa,promessa_registrada,"Promessa de pagamento registrada para os próximos dias, aguardando acompanhamento."
INT001864,PJ0635,2025-12-27,email,ativa,promessa_registrada,Cliente confirmou data e valor para pagamento parcial pelo portal.
INT001865,PJ0635,2025-12-31,email,ativa,promessa_registrada,Cliente confirmou data e valor para pagamento parcial pelo portal.
INT001863,PJ0635,2026-01-14,whatsapp,ativa,promessa_registrada,Cliente confirmou data e valor para pagamento parcial pelo portal.
INT001869,PJ0636,2026-03-07,whatsapp,ativa,intencao_pagamento,Empresa informou fluxo de caixa previsto e pediu envio das opções no portal.
INT001868,PJ0636,2026-03-09,telefone,ativa,promessa_registrada,Cliente confirmou data e valor para pagamento parcial pelo portal.
INT001867,PJ0636,2026-03-10,whatsapp,ativa,dificuldade_temporaria,Empresa informou sazonalidade no caixa e pediu parcelas alinhadas aos recebíveis.
INT001866,PJ0636,2026-03-11,telefone,receptiva,sem_sucesso,E-mail devolvido; necessário validar o endereço antes de nova tentativa.
INT001871,PJ0637,2026-04-24,whatsapp,ativa,sem_sucesso,Tentativa sem sucesso; telefone chamou e não houve atendimento.
INT001872,PJ0637,2026-04-26,telefone,ativa,sem_sucesso,"Mensagem enviada no canal autorizado, ainda sem retorno do representante."
INT001870,PJ0637,2026-06-20,portal,receptiva,intencao_pagamento,Cliente reconheceu o débito e solicitou prazo curto para organizar o pagamento.
INT001873,PJ0637,2026-06-20,email,ativa,recusa_oferta,Proposta apresentada não foi aceita; solicitado novo contato após revisão do caixa.
INT001874,PJ0637,2026-06-28,email,ativa,intencao_pagamento,Empresa informou fluxo de caixa previsto e pediu envio das opções no portal.
INT001875,PJ0638,2026-04-06,whatsapp,ativa,intencao_pagamento,Representante confirmou intenção de pagamento após recebimento de cliente relevante.
INT001876,PJ0639,2026-03-27,whatsapp,ativa,intencao_pagamento,Empresa informou fluxo de caixa previsto e pediu envio das opções no portal.
INT001877,PJ0639,2026-04-10,telefone,ativa,promessa_registrada,Cliente confirmou data e valor para pagamento parcial pelo portal.
INT001879,PJ0639,2026-04-15,whatsapp,ativa,promessa_registrada,Cliente confirmou data e valor para pagamento parcial pelo portal.
INT001878,PJ0639,2026-05-27,whatsapp,ativa,recusa_oferta,Proposta apresentada não foi aceita; solicitado novo contato após revisão do caixa.
INT001882,PJ0640,2026-01-12,whatsapp,ativa,intencao_pagamento,Cliente reconheceu o débito e solicitou prazo curto para organizar o pagamento.
INT001880,PJ0640,2026-02-07,email,ativa,promessa_registrada,"Promessa de pagamento registrada para os próximos dias, aguardando acompanhamento."
INT001881,PJ0640,2026-03-18,whatsapp,ativa,intencao_pagamento,Cliente reconheceu o débito e solicitou prazo curto para organizar o pagamento.
INT001883,PJ0640,2026-03-19,telefone,ativa,recusa_oferta,Proposta apresentada não foi aceita; solicitado novo contato após revisão do caixa.
INT001884,PJ0641,2026-02-15,email,ativa,intencao_pagamento,Empresa informou fluxo de caixa previsto e pediu envio das opções no portal.
INT001885,PJ0641,2026-02-17,email,ativa,dificuldade_temporaria,Cliente relatou queda temporária de faturamento e interesse em parcelamento.
INT001886,PJ0642,2025-12-06,email,ativa,promessa_registrada,"Promessa de pagamento registrada para os próximos dias, aguardando acompanhamento."
INT001889,PJ0643,2026-04-16,email,receptiva,intencao_pagamento,Cliente reconheceu o débito e solicitou prazo curto para organizar o pagamento.
INT001888,PJ0643,2026-06-20,whatsapp,ativa,dificuldade_temporaria,Empresa informou sazonalidade no caixa e pediu parcelas alinhadas aos recebíveis.
INT001890,PJ0643,2026-06-20,email,ativa,promessa_registrada,Cliente confirmou data e valor para pagamento parcial pelo portal.
INT001887,PJ0643,2026-06-27,portal,ativa,intencao_pagamento,Representante confirmou intenção de pagamento após recebimento de cliente relevante.
INT001894,PJ0644,2026-01-13,email,receptiva,promessa_registrada,Cliente confirmou data e valor para pagamento parcial pelo portal.
INT001892,PJ0644,2026-01-28,telefone,ativa,intencao_pagamento,Cliente reconheceu o débito e solicitou prazo curto para organizar o pagamento.
INT001891,PJ0644,2026-03-18,portal,ativa,recusa_oferta,Cliente considerou a parcela acima da capacidade atual e recusou a oferta.
INT001893,PJ0644,2026-03-24,telefone,receptiva,sem_sucesso,E-mail devolvido; necessário validar o endereço antes de nova tentativa.
INT001895,PJ0645,2026-03-09,email,ativa,sem_sucesso,Tentativa sem sucesso; telefone chamou e não houve atendimento.
INT001896,PJ0645,2026-04-05,whatsapp,ativa,dificuldade_temporaria,Representante relatou atraso pontual de um comprador e solicitou nova condição.
INT001898,PJ0646,2025-12-18,email,receptiva,sem_sucesso,"Mensagem enviada no canal autorizado, ainda sem retorno do representante."
INT001897,PJ0646,2026-01-16,email,receptiva,promessa_registrada,"Promessa de pagamento registrada para os próximos dias, aguardando acompanhamento."
INT001899,PJ0647,2026-04-23,telefone,receptiva,promessa_registrada,Cliente confirmou data e valor para pagamento parcial pelo portal.
INT001901,PJ0648,2026-05-15,email,ativa,intencao_pagamento,Representante confirmou intenção de pagamento após recebimento de cliente relevante.
INT001900,PJ0648,2026-06-17,portal,ativa,contestacao,Cliente informou divergência no saldo; negociação interrompida para análise.
INT001902,PJ0649,2026-04-08,telefone,ativa,dificuldade_temporaria,Empresa informou sazonalidade no caixa e pediu parcelas alinhadas aos recebíveis.
INT001903,PJ0650,2026-03-30,email,ativa,promessa_registrada,Cliente confirmou data e valor para pagamento parcial pelo portal.
INT001904,PJ0650,2026-05-21,portal,ativa,sem_sucesso,E-mail devolvido; necessário validar o endereço antes de nova tentativa.
INT001908,PJ0651,2026-06-03,whatsapp,ativa,dificuldade_temporaria,Cliente relatou queda temporária de faturamento e interesse em parcelamento.
INT001905,PJ0651,2026-06-10,telefone,ativa,sem_sucesso,E-mail devolvido; necessário validar o endereço antes de nova tentativa.
INT001909,PJ0651,2026-06-10,portal,ativa,promessa_registrada,Cliente confirmou data e valor para pagamento parcial pelo portal.
INT001906,PJ0651,2026-06-26,email,ativa,recusa_oferta,Proposta apresentada não foi aceita; solicitado novo contato após revisão do caixa.
INT001907,PJ0651,2026-06-27,email,ativa,intencao_pagamento,Representante confirmou intenção de pagamento após recebimento de cliente relevante.
INT001914,PJ0652,2025-12-02,telefone,ativa,sem_sucesso,E-mail devolvido; necessário validar o endereço antes de nova tentativa.
INT001911,PJ0652,2025-12-28,whatsapp,receptiva,sem_sucesso,"Mensagem enviada no canal autorizado, ainda sem retorno do representante."
INT001910,PJ0652,2026-01-08,email,ativa,contestacao,Representante contestou o valor e solicitou validação do contrato antes de negociar.
INT001913,PJ0652,2026-01-17,telefone,receptiva,intencao_pagamento,Cliente reconheceu o débito e solicitou prazo curto para organizar o pagamento.
INT001912,PJ0652,2026-01-21,portal,ativa,sem_sucesso,Tentativa sem sucesso; telefone chamou e não houve atendimento.
INT001916,PJ0653,2026-04-10,whatsapp,ativa,intencao_pagamento,Cliente reconheceu o débito e solicitou prazo curto para organizar o pagamento.
INT001915,PJ0653,2026-04-29,telefone,receptiva,intencao_pagamento,Representante confirmou intenção de pagamento após recebimento de cliente relevante.
INT001920,PJ0654,2026-02-12,telefone,ativa,promessa_registrada,"Promessa de pagamento registrada para os próximos dias, aguardando acompanhamento."
INT001917,PJ0654,2026-03-09,email,ativa,sem_sucesso,"Mensagem enviada no canal autorizado, ainda sem retorno do representante."
INT001918,PJ0654,2026-03-10,whatsapp,ativa,promessa_registrada,Cliente confirmou data e valor para pagamento parcial pelo portal.
INT001919,PJ0654,2026-03-17,whatsapp,ativa,promessa_registrada,Cliente confirmou data e valor para pagamento parcial pelo portal.
INT001921,PJ0654,2026-03-21,email,ativa,sem_sucesso,Tentativa sem sucesso; telefone chamou e não houve atendimento.
INT001922,PJ0655,2026-02-16,telefone,ativa,sem_sucesso,Tentativa sem sucesso; telefone chamou e não houve atendimento.
INT001923,PJ0655,2026-04-13,whatsapp,ativa,promessa_registrada,Cliente confirmou data e valor para pagamento parcial pelo portal.
INT001928,PJ0656,2026-01-12,email,ativa,promessa_registrada,Cliente confirmou data e valor para pagamento parcial pelo portal.
INT001925,PJ0656,2026-01-16,email,ativa,intencao_pagamento,Empresa informou fluxo de caixa previsto e pediu envio das opções no portal.
INT001924,PJ0656,2026-02-21,whatsapp,receptiva,contestacao,Representante contestou o valor e solicitou validação do contrato antes de negociar.
INT001926,PJ0656,2026-03-14,telefone,ativa,promessa_registrada,"Promessa de pagamento registrada para os próximos dias, aguardando acompanhamento."
INT001927,PJ0656,2026-03-23,whatsapp,ativa,recusa_oferta,Cliente considerou a parcela acima da capacidade atual e recusou a oferta.
INT001929,PJ0657,2026-01-28,email,receptiva,intencao_pagamento,Cliente reconheceu o débito e solicitou prazo curto para organizar o pagamento.
INT001931,PJ0657,2026-02-03,portal,ativa,promessa_registrada,"Promessa de pagamento registrada para os próximos dias, aguardando acompanhamento."
INT001932,PJ0657,2026-02-11,email,ativa,sem_sucesso,E-mail devolvido; necessário validar o endereço antes de nova tentativa.
INT001933,PJ0657,2026-02-18,whatsapp,ativa,promessa_registrada,Cliente confirmou data e valor para pagamento parcial pelo portal.
INT001930,PJ0657,2026-03-23,telefone,ativa,contestacao,Representante contestou o valor e solicitou validação do contrato antes de negociar.
INT001937,PJ0658,2026-05-15,whatsapp,receptiva,sem_sucesso,Tentativa sem sucesso; telefone chamou e não houve atendimento.
INT001934,PJ0658,2026-05-22,email,ativa,dificuldade_temporaria,Empresa informou sazonalidade no caixa e pediu parcelas alinhadas aos recebíveis.
INT001935,PJ0658,2026-06-01,email,ativa,sem_sucesso,"Mensagem enviada no canal autorizado, ainda sem retorno do representante."
INT001936,PJ0658,2026-06-24,email,ativa,dificuldade_temporaria,Cliente relatou queda temporária de faturamento e interesse em parcelamento.
INT001938,PJ0658,2026-06-26,email,ativa,promessa_registrada,Cliente confirmou data e valor para pagamento parcial pelo portal.
INT001939,PJ0659,2026-02-15,email,receptiva,intencao_pagamento,Empresa informou fluxo de caixa previsto e pediu envio das opções no portal.
INT001943,PJ0660,2026-04-25,email,receptiva,promessa_registrada,Cliente confirmou data e valor para pagamento parcial pelo portal.
INT001940,PJ0660,2026-05-04,telefone,ativa,dificuldade_temporaria,Empresa informou sazonalidade no caixa e pediu parcelas alinhadas aos recebíveis.
INT001942,PJ0660,2026-05-06,email,receptiva,dificuldade_temporaria,Cliente relatou queda temporária de faturamento e interesse em parcelamento.
INT001941,PJ0660,2026-05-23,whatsapp,ativa,contestacao,Cliente informou divergência no saldo; negociação interrompida para análise.
INT001945,PJ0661,2025-12-20,email,receptiva,sem_sucesso,"Mensagem enviada no canal autorizado, ainda sem retorno do representante."
INT001944,PJ0661,2026-02-19,whatsapp,ativa,contestacao,Cliente informou divergência no saldo; negociação interrompida para análise.
INT001946,PJ0662,2026-01-25,portal,ativa,sem_sucesso,Tentativa sem sucesso; telefone chamou e não houve atendimento.
INT001948,PJ0663,2026-05-10,telefone,ativa,sem_sucesso,Tentativa sem sucesso; telefone chamou e não houve atendimento.
INT001949,PJ0663,2026-05-12,whatsapp,ativa,dificuldade_temporaria,Cliente relatou queda temporária de faturamento e interesse em parcelamento.
INT001950,PJ0663,2026-05-14,telefone,ativa,dificuldade_temporaria,Empresa informou sazonalidade no caixa e pediu parcelas alinhadas aos recebíveis.
INT001947,PJ0663,2026-05-19,whatsapp,ativa,intencao_pagamento,Cliente reconheceu o débito e solicitou prazo curto para organizar o pagamento.
INT001953,PJ0664,2025-12-04,whatsapp,ativa,intencao_pagamento,Representante confirmou intenção de pagamento após recebimento de cliente relevante.
INT001951,PJ0664,2025-12-25,whatsapp,ativa,promessa_registrada,Cliente confirmou data e valor para pagamento parcial pelo portal.
INT001952,PJ0664,2026-01-06,telefone,ativa,intencao_pagamento,Empresa informou fluxo de caixa previsto e pediu envio das opções no portal.
INT001954,PJ0665,2025-11-18,whatsapp,ativa,sem_sucesso,"Mensagem enviada no canal autorizado, ainda sem retorno do representante."
INT001955,PJ0665,2025-12-12,whatsapp,ativa,dificuldade_temporaria,Empresa informou sazonalidade no caixa e pediu parcelas alinhadas aos recebíveis.
INT001956,PJ0665,2025-12-28,whatsapp,receptiva,recusa_oferta,Cliente considerou a parcela acima da capacidade atual e recusou a oferta.
INT001957,PJ0665,2026-01-08,telefone,ativa,intencao_pagamento,Cliente reconheceu o débito e solicitou prazo curto para organizar o pagamento.
INT001958,PJ0666,2026-02-19,email,ativa,dificuldade_temporaria,Representante relatou atraso pontual de um comprador e solicitou nova condição.
INT001961,PJ0666,2026-02-23,portal,ativa,sem_sucesso,Tentativa sem sucesso; telefone chamou e não houve atendimento.
INT001960,PJ0666,2026-03-18,email,ativa,sem_sucesso,"Mensagem enviada no canal autorizado, ainda sem retorno do representante."
INT001962,PJ0666,2026-03-28,email,receptiva,sem_sucesso,"Mensagem enviada no canal autorizado, ainda sem retorno do representante."
INT001959,PJ0666,2026-04-22,telefone,ativa,sem_sucesso,"Mensagem enviada no canal autorizado, ainda sem retorno do representante."
INT001963,PJ0667,2026-06-13,email,ativa,dificuldade_temporaria,Empresa informou sazonalidade no caixa e pediu parcelas alinhadas aos recebíveis.
INT001966,PJ0668,2025-12-17,telefone,receptiva,promessa_registrada,"Promessa de pagamento registrada para os próximos dias, aguardando acompanhamento."
INT001964,PJ0668,2026-01-21,email,receptiva,sem_sucesso,Tentativa sem sucesso; telefone chamou e não houve atendimento.
INT001965,PJ0668,2026-02-22,telefone,ativa,intencao_pagamento,Empresa informou fluxo de caixa previsto e pediu envio das opções no portal.
INT001967,PJ0669,2025-12-16,portal,receptiva,promessa_registrada,Cliente confirmou data e valor para pagamento parcial pelo portal.
INT001969,PJ0669,2026-01-04,email,receptiva,intencao_pagamento,Cliente reconheceu o débito e solicitou prazo curto para organizar o pagamento.
INT001970,PJ0669,2026-01-18,whatsapp,ativa,sem_sucesso,Tentativa sem sucesso; telefone chamou e não houve atendimento.
INT001968,PJ0669,2026-02-03,portal,receptiva,sem_sucesso,E-mail devolvido; necessário validar o endereço antes de nova tentativa.
INT001971,PJ0669,2026-02-27,whatsapp,ativa,dificuldade_temporaria,Representante relatou atraso pontual de um comprador e solicitou nova condição.
INT001973,PJ0670,2026-04-08,whatsapp,ativa,promessa_registrada,"Promessa de pagamento registrada para os próximos dias, aguardando acompanhamento."
INT001972,PJ0670,2026-05-10,whatsapp,receptiva,sem_sucesso,Tentativa sem sucesso; telefone chamou e não houve atendimento.
INT001976,PJ0671,2026-04-03,whatsapp,ativa,intencao_pagamento,Representante confirmou intenção de pagamento após recebimento de cliente relevante.
INT001974,PJ0671,2026-04-16,email,ativa,recusa_oferta,Cliente considerou a parcela acima da capacidade atual e recusou a oferta.
INT001975,PJ0671,2026-04-18,whatsapp,receptiva,contestacao,Representante contestou o valor e solicitou validação do contrato antes de negociar.
INT001977,PJ0672,2026-01-07,whatsapp,ativa,intencao_pagamento,Cliente reconheceu o débito e solicitou prazo curto para organizar o pagamento.
INT001978,PJ0673,2026-04-07,email,ativa,sem_sucesso,"Mensagem enviada no canal autorizado, ainda sem retorno do representante."
INT001983,PJ0674,2026-01-14,telefone,receptiva,sem_sucesso,Tentativa sem sucesso; telefone chamou e não houve atendimento.
INT001982,PJ0674,2026-02-01,telefone,ativa,sem_sucesso,Tentativa sem sucesso; telefone chamou e não houve atendimento.
INT001980,PJ0674,2026-02-21,email,ativa,recuperacao_judicial,Representante informou processo de recuperação judicial; caso requer equipe especializada.
INT001981,PJ0674,2026-03-06,portal,ativa,dificuldade_temporaria,Empresa informou sazonalidade no caixa e pediu parcelas alinhadas aos recebíveis.
INT001979,PJ0674,2026-03-23,email,ativa,contestacao,Representante contestou o valor e solicitou validação do contrato antes de negociar.
INT001984,PJ0675,2026-03-03,telefone,ativa,dificuldade_temporaria,Representante relatou atraso pontual de um comprador e solicitou nova condição.
INT001985,PJ0675,2026-03-03,whatsapp,ativa,sem_sucesso,"Mensagem enviada no canal autorizado, ainda sem retorno do representante."
INT001986,PJ0675,2026-04-03,whatsapp,ativa,sem_sucesso,"Mensagem enviada no canal autorizado, ainda sem retorno do representante."
INT001987,PJ0675,2026-04-08,whatsapp,ativa,recusa_oferta,Cliente considerou a parcela acima da capacidade atual e recusou a oferta.
INT001988,PJ0675,2026-04-18,whatsapp,ativa,intencao_pagamento,Empresa informou fluxo de caixa previsto e pediu envio das opções no portal.
INT001992,PJ0676,2026-01-23,telefone,ativa,intencao_pagamento,Empresa informou fluxo de caixa previsto e pediu envio das opções no portal.
INT001993,PJ0676,2026-02-11,telefone,ativa,intencao_pagamento,Representante confirmou intenção de pagamento após recebimento de cliente relevante.
INT001991,PJ0676,2026-03-02,telefone,ativa,sem_sucesso,Tentativa sem sucesso; telefone chamou e não houve atendimento.
INT001990,PJ0676,2026-03-22,telefone,ativa,dificuldade_temporaria,Cliente relatou queda temporária de faturamento e interesse em parcelamento.
INT001989,PJ0676,2026-03-25,email,ativa,intencao_pagamento,Cliente reconheceu o débito e solicitou prazo curto para organizar o pagamento.
INT001997,PJ0677,2026-01-12,whatsapp,receptiva,recusa_oferta,Proposta apresentada não foi aceita; solicitado novo contato após revisão do caixa.
INT001996,PJ0677,2026-01-15,whatsapp,ativa,dificuldade_temporaria,Cliente relatou queda temporária de faturamento e interesse em parcelamento.
INT001995,PJ0677,2026-02-24,whatsapp,ativa,dificuldade_temporaria,Empresa informou sazonalidade no caixa e pediu parcelas alinhadas aos recebíveis.
INT001994,PJ0677,2026-03-23,telefone,ativa,sem_sucesso,E-mail devolvido; necessário validar o endereço antes de nova tentativa.
INT002002,PJ0678,2026-01-04,email,ativa,promessa_registrada,"Promessa de pagamento registrada para os próximos dias, aguardando acompanhamento."
INT002000,PJ0678,2026-01-08,email,ativa,dificuldade_temporaria,Empresa informou sazonalidade no caixa e pediu parcelas alinhadas aos recebíveis.
INT002001,PJ0678,2026-01-08,whatsapp,ativa,dificuldade_temporaria,Cliente relatou queda temporária de faturamento e interesse em parcelamento.
INT001999,PJ0678,2026-01-16,whatsapp,ativa,promessa_registrada,"Promessa de pagamento registrada para os próximos dias, aguardando acompanhamento."
INT001998,PJ0678,2026-02-02,telefone,ativa,recusa_oferta,Proposta apresentada não foi aceita; solicitado novo contato após revisão do caixa.
INT002003,PJ0679,2026-02-03,portal,ativa,intencao_pagamento,Empresa informou fluxo de caixa previsto e pediu envio das opções no portal.
INT002004,PJ0679,2026-02-05,telefone,ativa,sem_sucesso,E-mail devolvido; necessário validar o endereço antes de nova tentativa.
INT002005,PJ0680,2026-03-15,telefone,ativa,recusa_oferta,Cliente considerou a parcela acima da capacidade atual e recusou a oferta.
INT002006,PJ0680,2026-05-21,portal,ativa,sem_sucesso,E-mail devolvido; necessário validar o endereço antes de nova tentativa.
INT002008,PJ0681,2025-12-20,whatsapp,ativa,sem_sucesso,E-mail devolvido; necessário validar o endereço antes de nova tentativa.
INT002010,PJ0681,2025-12-30,portal,ativa,promessa_registrada,"Promessa de pagamento registrada para os próximos dias, aguardando acompanhamento."
INT002009,PJ0681,2026-01-21,portal,receptiva,intencao_pagamento,Cliente reconheceu o débito e solicitou prazo curto para organizar o pagamento.
INT002007,PJ0681,2026-02-04,whatsapp,ativa,sem_sucesso,Tentativa sem sucesso; telefone chamou e não houve atendimento.
INT002014,PJ0682,2025-11-23,telefone,ativa,sem_sucesso,Tentativa sem sucesso; telefone chamou e não houve atendimento.
INT002011,PJ0682,2025-12-19,whatsapp,ativa,sem_sucesso,E-mail devolvido; necessário validar o endereço antes de nova tentativa.
INT002012,PJ0682,2026-01-09,telefone,ativa,sem_sucesso,"Mensagem enviada no canal autorizado, ainda sem retorno do representante."
INT002013,PJ0682,2026-01-15,telefone,ativa,dificuldade_temporaria,Cliente relatou queda temporária de faturamento e interesse em parcelamento.
INT002019,PJ0683,2026-01-31,telefone,ativa,dificuldade_temporaria,Cliente relatou queda temporária de faturamento e interesse em parcelamento.
INT002016,PJ0683,2026-02-01,whatsapp,ativa,dificuldade_temporaria,Representante relatou atraso pontual de um comprador e solicitou nova condição.
INT002018,PJ0683,2026-03-01,telefone,ativa,sem_sucesso,Tentativa sem sucesso; telefone chamou e não houve atendimento.
INT002015,PJ0683,2026-03-15,email,receptiva,recusa_oferta,Proposta apresentada não foi aceita; solicitado novo contato após revisão do caixa.
INT002017,PJ0683,2026-03-22,portal,ativa,sem_sucesso,Tentativa sem sucesso; telefone chamou e não houve atendimento.
INT002021,PJ0684,2026-02-17,telefone,ativa,recusa_oferta,Proposta apresentada não foi aceita; solicitado novo contato após revisão do caixa.
INT002023,PJ0684,2026-03-22,telefone,receptiva,recusa_oferta,Proposta apresentada não foi aceita; solicitado novo contato após revisão do caixa.
INT002022,PJ0684,2026-04-05,email,receptiva,sem_sucesso,E-mail devolvido; necessário validar o endereço antes de nova tentativa.
INT002020,PJ0684,2026-04-15,telefone,ativa,dificuldade_temporaria,Representante relatou atraso pontual de um comprador e solicitou nova condição.
INT002025,PJ0685,2025-12-26,email,ativa,intencao_pagamento,Representante confirmou intenção de pagamento após recebimento de cliente relevante.
INT002024,PJ0685,2026-01-25,email,receptiva,promessa_registrada,Cliente confirmou data e valor para pagamento parcial pelo portal.
INT002026,PJ0685,2026-02-19,portal,ativa,sem_sucesso,E-mail devolvido; necessário validar o endereço antes de nova tentativa.
INT002030,PJ0686,2026-02-02,telefone,receptiva,intencao_pagamento,Cliente reconheceu o débito e solicitou prazo curto para organizar o pagamento.
INT002031,PJ0686,2026-02-11,telefone,ativa,intencao_pagamento,Cliente reconheceu o débito e solicitou prazo curto para organizar o pagamento.
INT002027,PJ0686,2026-03-01,telefone,ativa,dificuldade_temporaria,Cliente relatou queda temporária de faturamento e interesse em parcelamento.
INT002028,PJ0686,2026-03-12,email,receptiva,recusa_oferta,Proposta apresentada não foi aceita; solicitado novo contato após revisão do caixa.
INT002029,PJ0686,2026-03-12,email,ativa,intencao_pagamento,Cliente reconheceu o débito e solicitou prazo curto para organizar o pagamento.
INT002033,PJ0687,2026-05-18,whatsapp,ativa,intencao_pagamento,Cliente reconheceu o débito e solicitou prazo curto para organizar o pagamento.
INT002032,PJ0687,2026-06-02,whatsapp,ativa,promessa_registrada,Cliente confirmou data e valor para pagamento parcial pelo portal.
INT002037,PJ0688,2026-02-20,email,ativa,promessa_registrada,"Promessa de pagamento registrada para os próximos dias, aguardando acompanhamento."
INT002036,PJ0688,2026-03-02,whatsapp,ativa,promessa_registrada,Cliente confirmou data e valor para pagamento parcial pelo portal.
INT002034,PJ0688,2026-03-14,telefone,receptiva,sem_sucesso,E-mail devolvido; necessário validar o endereço antes de nova tentativa.
INT002035,PJ0688,2026-04-22,telefone,ativa,recusa_oferta,Cliente considerou a parcela acima da capacidade atual e recusou a oferta.
INT002039,PJ0689,2026-02-04,telefone,ativa,recusa_oferta,Proposta apresentada não foi aceita; solicitado novo contato após revisão do caixa.
INT002038,PJ0689,2026-03-17,telefone,ativa,intencao_pagamento,Cliente reconheceu o débito e solicitou prazo curto para organizar o pagamento.
INT002041,PJ0690,2026-04-16,whatsapp,ativa,intencao_pagamento,Empresa informou fluxo de caixa previsto e pediu envio das opções no portal.
INT002040,PJ0690,2026-04-18,whatsapp,ativa,sem_sucesso,"Mensagem enviada no canal autorizado, ainda sem retorno do representante."
INT002042,PJ0690,2026-04-26,telefone,ativa,dificuldade_temporaria,Cliente relatou queda temporária de faturamento e interesse em parcelamento.
INT002043,PJ0690,2026-05-06,email,receptiva,intencao_pagamento,Cliente reconheceu o débito e solicitou prazo curto para organizar o pagamento.
INT002045,PJ0691,2026-02-15,telefone,ativa,recusa_oferta,Proposta apresentada não foi aceita; solicitado novo contato após revisão do caixa.
INT002044,PJ0691,2026-03-10,whatsapp,ativa,sem_sucesso,Tentativa sem sucesso; telefone chamou e não houve atendimento.
INT002047,PJ0691,2026-03-28,portal,ativa,intencao_pagamento,Cliente reconheceu o débito e solicitou prazo curto para organizar o pagamento.
INT002046,PJ0691,2026-04-17,whatsapp,ativa,promessa_registrada,"Promessa de pagamento registrada para os próximos dias, aguardando acompanhamento."
INT002049,PJ0692,2026-02-18,telefone,ativa,sem_sucesso,"Mensagem enviada no canal autorizado, ainda sem retorno do representante."
INT002050,PJ0692,2026-02-23,telefone,ativa,dificuldade_temporaria,Cliente relatou queda temporária de faturamento e interesse em parcelamento.
INT002048,PJ0692,2026-03-02,portal,ativa,dificuldade_temporaria,Representante relatou atraso pontual de um comprador e solicitou nova condição.
INT002053,PJ0693,2026-01-18,portal,ativa,recusa_oferta,Proposta apresentada não foi aceita; solicitado novo contato após revisão do caixa.
INT002052,PJ0693,2026-01-28,whatsapp,ativa,promessa_registrada,"Promessa de pagamento registrada para os próximos dias, aguardando acompanhamento."
INT002054,PJ0693,2026-02-08,telefone,ativa,intencao_pagamento,Cliente reconheceu o débito e solicitou prazo curto para organizar o pagamento.
INT002051,PJ0693,2026-02-14,whatsapp,receptiva,recusa_oferta,Proposta apresentada não foi aceita; solicitado novo contato após revisão do caixa.
INT002055,PJ0693,2026-02-27,telefone,ativa,sem_sucesso,Tentativa sem sucesso; telefone chamou e não houve atendimento.
INT002057,PJ0694,2026-01-16,telefone,receptiva,dificuldade_temporaria,Cliente relatou queda temporária de faturamento e interesse em parcelamento.
INT002056,PJ0694,2026-03-06,whatsapp,ativa,sem_sucesso,"Mensagem enviada no canal autorizado, ainda sem retorno do representante."
INT002058,PJ0694,2026-03-14,telefone,ativa,sem_sucesso,Tentativa sem sucesso; telefone chamou e não houve atendimento.
INT002060,PJ0695,2026-04-17,telefone,ativa,promessa_registrada,"Promessa de pagamento registrada para os próximos dias, aguardando acompanhamento."
INT002062,PJ0695,2026-04-28,email,ativa,sem_sucesso,Tentativa sem sucesso; telefone chamou e não houve atendimento.
INT002061,PJ0695,2026-05-16,whatsapp,ativa,recusa_oferta,Proposta apresentada não foi aceita; solicitado novo contato após revisão do caixa.
INT002059,PJ0695,2026-05-24,telefone,ativa,dificuldade_temporaria,Cliente relatou queda temporária de faturamento e interesse em parcelamento.
INT002066,PJ0696,2026-03-17,whatsapp,ativa,intencao_pagamento,Representante confirmou intenção de pagamento após recebimento de cliente relevante.
INT002065,PJ0696,2026-04-05,portal,ativa,sem_sucesso,Tentativa sem sucesso; telefone chamou e não houve atendimento.
INT002063,PJ0696,2026-05-13,whatsapp,ativa,sem_sucesso,Tentativa sem sucesso; telefone chamou e não houve atendimento.
INT002064,PJ0696,2026-05-16,telefone,receptiva,sem_sucesso,Tentativa sem sucesso; telefone chamou e não houve atendimento.
INT002067,PJ0697,2026-04-14,email,receptiva,recuperacao_judicial,Representante informou processo de recuperação judicial; caso requer equipe especializada.
INT002071,PJ0698,2026-01-29,telefone,ativa,intencao_pagamento,Representante confirmou intenção de pagamento após recebimento de cliente relevante.
INT002068,PJ0698,2026-02-08,portal,receptiva,dificuldade_temporaria,Empresa informou sazonalidade no caixa e pediu parcelas alinhadas aos recebíveis.
INT002069,PJ0698,2026-02-16,whatsapp,receptiva,promessa_registrada,"Promessa de pagamento registrada para os próximos dias, aguardando acompanhamento."
INT002072,PJ0698,2026-02-20,email,receptiva,contestacao,Representante contestou o valor e solicitou validação do contrato antes de negociar.
INT002070,PJ0698,2026-02-22,telefone,ativa,intencao_pagamento,Empresa informou fluxo de caixa previsto e pediu envio das opções no portal.
INT002073,PJ0699,2025-12-24,portal,ativa,sem_sucesso,E-mail devolvido; necessário validar o endereço antes de nova tentativa.
INT002074,PJ0699,2026-01-22,whatsapp,ativa,dificuldade_temporaria,Representante relatou atraso pontual de um comprador e solicitou nova condição.
INT002075,PJ0700,2025-12-29,whatsapp,ativa,sem_sucesso,"Mensagem enviada no canal autorizado, ainda sem retorno do representante."
INT002076,PJ0701,2026-05-18,whatsapp,ativa,dificuldade_temporaria,Representante relatou atraso pontual de um comprador e solicitou nova condição.
INT002079,PJ0702,2026-02-09,telefone,receptiva,dificuldade_temporaria,Representante relatou atraso pontual de um comprador e solicitou nova condição.
INT002077,PJ0702,2026-02-28,whatsapp,ativa,promessa_registrada,"Promessa de pagamento registrada para os próximos dias, aguardando acompanhamento."
INT002078,PJ0702,2026-03-22,whatsapp,ativa,sem_sucesso,Tentativa sem sucesso; telefone chamou e não houve atendimento.
INT002080,PJ0703,2026-03-18,whatsapp,ativa,intencao_pagamento,Empresa informou fluxo de caixa previsto e pediu envio das opções no portal.
INT002081,PJ0703,2026-03-29,portal,ativa,promessa_registrada,Cliente confirmou data e valor para pagamento parcial pelo portal.
INT002082,PJ0703,2026-04-03,whatsapp,ativa,intencao_pagamento,Cliente reconheceu o débito e solicitou prazo curto para organizar o pagamento.
INT002083,PJ0703,2026-04-23,whatsapp,ativa,dificuldade_temporaria,Representante relatou atraso pontual de um comprador e solicitou nova condição.
INT002085,PJ0704,2025-12-26,telefone,ativa,dificuldade_temporaria,Representante relatou atraso pontual de um comprador e solicitou nova condição.
INT002086,PJ0704,2026-01-17,telefone,ativa,promessa_registrada,Cliente confirmou data e valor para pagamento parcial pelo portal.
INT002084,PJ0704,2026-01-29,telefone,ativa,sem_sucesso,"Mensagem enviada no canal autorizado, ainda sem retorno do representante."
INT002088,PJ0704,2026-01-30,email,receptiva,sem_sucesso,Tentativa sem sucesso; telefone chamou e não houve atendimento.
INT002087,PJ0704,2026-01-31,telefone,ativa,sem_sucesso,"Mensagem enviada no canal autorizado, ainda sem retorno do representante."
INT002091,PJ0705,2026-05-05,portal,ativa,promessa_registrada,Cliente confirmou data e valor para pagamento parcial pelo portal.
INT002089,PJ0705,2026-06-15,telefone,ativa,sem_sucesso,"Mensagem enviada no canal autorizado, ainda sem retorno do representante."
INT002092,PJ0705,2026-06-15,telefone,receptiva,dificuldade_temporaria,Cliente relatou queda temporária de faturamento e interesse em parcelamento.
INT002090,PJ0705,2026-06-21,email,receptiva,promessa_registrada,"Promessa de pagamento registrada para os próximos dias, aguardando acompanhamento."
INT002093,PJ0705,2026-06-25,whatsapp,ativa,contestacao,Representante contestou o valor e solicitou validação do contrato antes de negociar.
INT002094,PJ0706,2026-05-29,email,ativa,intencao_pagamento,Representante confirmou intenção de pagamento após recebimento de cliente relevante.
INT002096,PJ0707,2026-04-15,telefone,ativa,sem_sucesso,"Mensagem enviada no canal autorizado, ainda sem retorno do representante."
INT002095,PJ0707,2026-04-22,whatsapp,receptiva,intencao_pagamento,Empresa informou fluxo de caixa previsto e pediu envio das opções no portal.
INT002100,PJ0708,2026-01-25,telefone,ativa,sem_sucesso,E-mail devolvido; necessário validar o endereço antes de nova tentativa.
INT002098,PJ0708,2026-02-20,whatsapp,ativa,sem_sucesso,E-mail devolvido; necessário validar o endereço antes de nova tentativa.
INT002099,PJ0708,2026-03-05,portal,receptiva,sem_sucesso,E-mail devolvido; necessário validar o endereço antes de nova tentativa.
INT002097,PJ0708,2026-03-09,telefone,receptiva,dificuldade_temporaria,Empresa informou sazonalidade no caixa e pediu parcelas alinhadas aos recebíveis.
INT002102,PJ0709,2026-02-14,email,ativa,intencao_pagamento,Representante confirmou intenção de pagamento após recebimento de cliente relevante.
INT002104,PJ0709,2026-02-21,email,ativa,dificuldade_temporaria,Representante relatou atraso pontual de um comprador e solicitou nova condição.
INT002101,PJ0709,2026-03-30,email,receptiva,intencao_pagamento,Cliente reconheceu o débito e solicitou prazo curto para organizar o pagamento.
INT002103,PJ0709,2026-04-02,telefone,ativa,dificuldade_temporaria,Cliente relatou queda temporária de faturamento e interesse em parcelamento.
INT002106,PJ0710,2026-04-11,whatsapp,ativa,dificuldade_temporaria,Cliente relatou queda temporária de faturamento e interesse em parcelamento.
INT002105,PJ0710,2026-04-17,email,ativa,intencao_pagamento,Representante confirmou intenção de pagamento após recebimento de cliente relevante.
INT002108,PJ0711,2026-02-22,email,receptiva,dificuldade_temporaria,Empresa informou sazonalidade no caixa e pediu parcelas alinhadas aos recebíveis.
INT002107,PJ0711,2026-03-16,telefone,ativa,intencao_pagamento,Representante confirmou intenção de pagamento após recebimento de cliente relevante.
INT002109,PJ0712,2026-03-15,whatsapp,ativa,promessa_registrada,Cliente confirmou data e valor para pagamento parcial pelo portal.
INT002111,PJ0712,2026-03-15,telefone,ativa,intencao_pagamento,Empresa informou fluxo de caixa previsto e pediu envio das opções no portal.
INT002112,PJ0712,2026-04-28,whatsapp,ativa,intencao_pagamento,Empresa informou fluxo de caixa previsto e pediu envio das opções no portal.
INT002110,PJ0712,2026-05-06,email,ativa,recusa_oferta,Proposta apresentada não foi aceita; solicitado novo contato após revisão do caixa.
INT002113,PJ0713,2026-01-14,whatsapp,ativa,recusa_oferta,Proposta apresentada não foi aceita; solicitado novo contato após revisão do caixa.
INT002114,PJ0713,2026-02-05,whatsapp,ativa,contestacao,Cliente informou divergência no saldo; negociação interrompida para análise.
INT002115,PJ0714,2026-03-14,portal,ativa,intencao_pagamento,Cliente reconheceu o débito e solicitou prazo curto para organizar o pagamento.
INT002117,PJ0714,2026-03-26,email,ativa,dificuldade_temporaria,Cliente relatou queda temporária de faturamento e interesse em parcelamento.
INT002116,PJ0714,2026-04-02,portal,ativa,dificuldade_temporaria,Cliente relatou queda temporária de faturamento e interesse em parcelamento.
INT002118,PJ0715,2025-12-13,email,ativa,promessa_registrada,Cliente confirmou data e valor para pagamento parcial pelo portal.
INT002119,PJ0715,2025-12-21,email,ativa,promessa_registrada,Cliente confirmou data e valor para pagamento parcial pelo portal.
INT002121,PJ0715,2025-12-21,whatsapp,ativa,intencao_pagamento,Representante confirmou intenção de pagamento após recebimento de cliente relevante.
INT002120,PJ0715,2025-12-23,portal,ativa,promessa_registrada,"Promessa de pagamento registrada para os próximos dias, aguardando acompanhamento."
INT002122,PJ0716,2026-01-04,whatsapp,ativa,sem_sucesso,"Mensagem enviada no canal autorizado, ainda sem retorno do representante."
INT002123,PJ0716,2026-02-05,whatsapp,ativa,intencao_pagamento,Cliente reconheceu o débito e solicitou prazo curto para organizar o pagamento.
INT002124,PJ0716,2026-02-27,telefone,receptiva,intencao_pagamento,Representante confirmou intenção de pagamento após recebimento de cliente relevante.
INT002125,PJ0717,2026-02-15,whatsapp,ativa,dificuldade_temporaria,Empresa informou sazonalidade no caixa e pediu parcelas alinhadas aos recebíveis.
INT002128,PJ0718,2025-11-14,whatsapp,ativa,promessa_registrada,"Promessa de pagamento registrada para os próximos dias, aguardando acompanhamento."
INT002129,PJ0718,2025-11-16,portal,ativa,intencao_pagamento,Cliente reconheceu o débito e solicitou prazo curto para organizar o pagamento.
INT002126,PJ0718,2025-11-21,email,ativa,promessa_registrada,"Promessa de pagamento registrada para os próximos dias, aguardando acompanhamento."
INT002127,PJ0718,2025-12-30,telefone,ativa,contestacao,Cliente informou divergência no saldo; negociação interrompida para análise.
INT002130,PJ0719,2026-02-11,telefone,ativa,sem_sucesso,"Mensagem enviada no canal autorizado, ainda sem retorno do representante."
INT002132,PJ0720,2026-04-07,email,receptiva,sem_sucesso,"Mensagem enviada no canal autorizado, ainda sem retorno do representante."
INT002131,PJ0720,2026-05-03,telefone,receptiva,intencao_pagamento,Representante confirmou intenção de pagamento após recebimento de cliente relevante.
INT002133,PJ0720,2026-05-24,email,ativa,sem_sucesso,E-mail devolvido; necessário validar o endereço antes de nova tentativa.
INT002135,PJ0721,2025-12-24,telefone,ativa,promessa_registrada,Cliente confirmou data e valor para pagamento parcial pelo portal.
INT002134,PJ0721,2026-02-07,telefone,ativa,intencao_pagamento,Cliente reconheceu o débito e solicitou prazo curto para organizar o pagamento.
INT002137,PJ0722,2026-01-05,email,ativa,dificuldade_temporaria,Representante relatou atraso pontual de um comprador e solicitou nova condição.
INT002136,PJ0722,2026-01-13,whatsapp,ativa,dificuldade_temporaria,Empresa informou sazonalidade no caixa e pediu parcelas alinhadas aos recebíveis.
INT002141,PJ0723,2026-01-18,whatsapp,ativa,intencao_pagamento,Representante confirmou intenção de pagamento após recebimento de cliente relevante.
INT002138,PJ0723,2026-01-21,telefone,ativa,intencao_pagamento,Representante confirmou intenção de pagamento após recebimento de cliente relevante.
INT002140,PJ0723,2026-01-23,whatsapp,receptiva,dificuldade_temporaria,Empresa informou sazonalidade no caixa e pediu parcelas alinhadas aos recebíveis.
INT002139,PJ0723,2026-02-07,whatsapp,ativa,intencao_pagamento,Representante confirmou intenção de pagamento após recebimento de cliente relevante.
INT002142,PJ0723,2026-03-10,whatsapp,ativa,dificuldade_temporaria,Representante relatou atraso pontual de um comprador e solicitou nova condição.
INT002143,PJ0724,2026-03-11,email,ativa,sem_sucesso,E-mail devolvido; necessário validar o endereço antes de nova tentativa.
INT002144,PJ0724,2026-04-11,telefone,ativa,sem_sucesso,E-mail devolvido; necessário validar o endereço antes de nova tentativa.
INT002145,PJ0725,2026-01-25,email,receptiva,intencao_pagamento,Cliente reconheceu o débito e solicitou prazo curto para organizar o pagamento.
INT002149,PJ0726,2026-05-10,email,ativa,intencao_pagamento,Empresa informou fluxo de caixa previsto e pediu envio das opções no portal.
INT002147,PJ0726,2026-05-31,portal,ativa,intencao_pagamento,Empresa informou fluxo de caixa previsto e pediu envio das opções no portal.
INT002146,PJ0726,2026-06-17,portal,ativa,dificuldade_temporaria,Empresa informou sazonalidade no caixa e pediu parcelas alinhadas aos recebíveis.
INT002148,PJ0726,2026-06-27,portal,ativa,contestacao,Cliente informou divergência no saldo; negociação interrompida para análise.
INT002151,PJ0727,2026-02-27,email,ativa,promessa_registrada,Cliente confirmou data e valor para pagamento parcial pelo portal.
INT002150,PJ0727,2026-04-16,portal,receptiva,intencao_pagamento,Cliente reconheceu o débito e solicitou prazo curto para organizar o pagamento.
INT002152,PJ0728,2026-03-21,telefone,ativa,sem_sucesso,Tentativa sem sucesso; telefone chamou e não houve atendimento.
INT002153,PJ0729,2025-12-21,telefone,ativa,sem_sucesso,E-mail devolvido; necessário validar o endereço antes de nova tentativa.
INT002154,PJ0730,2025-12-19,whatsapp,ativa,promessa_registrada,Cliente confirmou data e valor para pagamento parcial pelo portal.
INT002155,PJ0730,2026-01-10,whatsapp,receptiva,intencao_pagamento,Representante confirmou intenção de pagamento após recebimento de cliente relevante.
INT002157,PJ0730,2026-02-17,whatsapp,ativa,contestacao,Cliente informou divergência no saldo; negociação interrompida para análise.
INT002156,PJ0730,2026-02-26,whatsapp,ativa,intencao_pagamento,Cliente reconheceu o débito e solicitou prazo curto para organizar o pagamento.
INT002158,PJ0731,2025-11-17,email,ativa,sem_sucesso,Tentativa sem sucesso; telefone chamou e não houve atendimento.
INT002159,PJ0732,2026-02-24,email,ativa,recusa_oferta,Cliente considerou a parcela acima da capacidade atual e recusou a oferta.
INT002160,PJ0732,2026-02-28,email,ativa,promessa_registrada,"Promessa de pagamento registrada para os próximos dias, aguardando acompanhamento."
INT002161,PJ0733,2026-03-31,whatsapp,ativa,intencao_pagamento,Representante confirmou intenção de pagamento após recebimento de cliente relevante.
INT002163,PJ0733,2026-04-17,telefone,ativa,sem_sucesso,Tentativa sem sucesso; telefone chamou e não houve atendimento.
INT002162,PJ0733,2026-05-22,telefone,receptiva,intencao_pagamento,Cliente reconheceu o débito e solicitou prazo curto para organizar o pagamento.
INT002164,PJ0734,2026-02-22,telefone,ativa,sem_sucesso,Tentativa sem sucesso; telefone chamou e não houve atendimento.
INT002165,PJ0734,2026-04-23,whatsapp,ativa,promessa_registrada,Cliente confirmou data e valor para pagamento parcial pelo portal.
INT002166,PJ0734,2026-04-27,email,ativa,sem_sucesso,"Mensagem enviada no canal autorizado, ainda sem retorno do representante."
INT002169,PJ0735,2026-02-26,whatsapp,receptiva,contestacao,Cliente informou divergência no saldo; negociação interrompida para análise.
INT002167,PJ0735,2026-04-15,telefone,ativa,dificuldade_temporaria,Cliente relatou queda temporária de faturamento e interesse em parcelamento.
INT002168,PJ0735,2026-04-21,email,receptiva,intencao_pagamento,Representante confirmou intenção de pagamento após recebimento de cliente relevante.
INT002171,PJ0736,2026-01-20,email,receptiva,sem_sucesso,Tentativa sem sucesso; telefone chamou e não houve atendimento.
INT002170,PJ0736,2026-02-26,telefone,ativa,recusa_oferta,Proposta apresentada não foi aceita; solicitado novo contato após revisão do caixa.
INT002173,PJ0736,2026-03-18,whatsapp,ativa,sem_sucesso,E-mail devolvido; necessário validar o endereço antes de nova tentativa.
INT002172,PJ0736,2026-03-21,email,ativa,promessa_registrada,"Promessa de pagamento registrada para os próximos dias, aguardando acompanhamento."
INT002176,PJ0737,2026-01-05,telefone,ativa,dificuldade_temporaria,Cliente relatou queda temporária de faturamento e interesse em parcelamento.
INT002174,PJ0737,2026-01-09,telefone,ativa,dificuldade_temporaria,Representante relatou atraso pontual de um comprador e solicitou nova condição.
INT002175,PJ0737,2026-01-27,telefone,ativa,sem_sucesso,Tentativa sem sucesso; telefone chamou e não houve atendimento.
INT002178,PJ0738,2026-03-03,telefone,ativa,sem_sucesso,"Mensagem enviada no canal autorizado, ainda sem retorno do representante."
INT002181,PJ0738,2026-03-21,email,receptiva,sem_sucesso,"Mensagem enviada no canal autorizado, ainda sem retorno do representante."
INT002179,PJ0738,2026-03-22,email,ativa,dificuldade_temporaria,Representante relatou atraso pontual de um comprador e solicitou nova condição.
INT002180,PJ0738,2026-03-27,telefone,receptiva,dificuldade_temporaria,Cliente relatou queda temporária de faturamento e interesse em parcelamento.
INT002177,PJ0738,2026-04-29,email,ativa,intencao_pagamento,Representante confirmou intenção de pagamento após recebimento de cliente relevante.
INT002182,PJ0739,2026-03-02,telefone,ativa,sem_sucesso,E-mail devolvido; necessário validar o endereço antes de nova tentativa.
INT002183,PJ0740,2026-05-25,portal,ativa,promessa_registrada,Cliente confirmou data e valor para pagamento parcial pelo portal.
INT002184,PJ0740,2026-06-23,telefone,receptiva,dificuldade_temporaria,Empresa informou sazonalidade no caixa e pediu parcelas alinhadas aos recebíveis.
INT002185,PJ0741,2026-03-04,portal,ativa,promessa_registrada,Cliente confirmou data e valor para pagamento parcial pelo portal.
INT002186,PJ0742,2026-03-02,telefone,receptiva,recusa_oferta,Cliente considerou a parcela acima da capacidade atual e recusou a oferta.
INT002187,PJ0742,2026-03-19,telefone,receptiva,promessa_registrada,"Promessa de pagamento registrada para os próximos dias, aguardando acompanhamento."
INT002189,PJ0743,2025-11-29,email,ativa,sem_sucesso,"Mensagem enviada no canal autorizado, ainda sem retorno do representante."
INT002191,PJ0743,2025-12-07,whatsapp,receptiva,intencao_pagamento,Cliente reconheceu o débito e solicitou prazo curto para organizar o pagamento.
INT002190,PJ0743,2025-12-13,portal,ativa,contestacao,Cliente informou divergência no saldo; negociação interrompida para análise.
INT002188,PJ0743,2025-12-17,telefone,receptiva,promessa_registrada,"Promessa de pagamento registrada para os próximos dias, aguardando acompanhamento."
INT002192,PJ0743,2026-01-17,portal,ativa,recusa_oferta,Cliente considerou a parcela acima da capacidade atual e recusou a oferta.
INT002193,PJ0744,2026-01-25,whatsapp,ativa,sem_sucesso,"Mensagem enviada no canal autorizado, ainda sem retorno do representante."
INT002197,PJ0745,2026-05-16,portal,ativa,dificuldade_temporaria,Empresa informou sazonalidade no caixa e pediu parcelas alinhadas aos recebíveis.
INT002195,PJ0745,2026-05-21,telefone,ativa,promessa_registrada,"Promessa de pagamento registrada para os próximos dias, aguardando acompanhamento."
INT002198,PJ0745,2026-06-13,whatsapp,receptiva,intencao_pagamento,Representante confirmou intenção de pagamento após recebimento de cliente relevante.
INT002194,PJ0745,2026-06-14,whatsapp,ativa,promessa_registrada,"Promessa de pagamento registrada para os próximos dias, aguardando acompanhamento."
INT002196,PJ0745,2026-06-28,telefone,ativa,dificuldade_temporaria,Empresa informou sazonalidade no caixa e pediu parcelas alinhadas aos recebíveis.
INT002202,PJ0746,2026-02-28,telefone,ativa,promessa_registrada,Cliente confirmou data e valor para pagamento parcial pelo portal.
INT002200,PJ0746,2026-03-08,portal,ativa,intencao_pagamento,Representante confirmou intenção de pagamento após recebimento de cliente relevante.
INT002201,PJ0746,2026-04-15,whatsapp,receptiva,intencao_pagamento,Representante confirmou intenção de pagamento após recebimento de cliente relevante.
INT002199,PJ0746,2026-04-16,email,ativa,promessa_registrada,"Promessa de pagamento registrada para os próximos dias, aguardando acompanhamento."
INT002205,PJ0747,2026-03-03,email,ativa,intencao_pagamento,Empresa informou fluxo de caixa previsto e pediu envio das opções no portal.
INT002206,PJ0747,2026-03-13,email,ativa,recusa_oferta,Proposta apresentada não foi aceita; solicitado novo contato após revisão do caixa.
INT002204,PJ0747,2026-04-23,whatsapp,ativa,dificuldade_temporaria,Representante relatou atraso pontual de um comprador e solicitou nova condição.
INT002203,PJ0747,2026-04-29,portal,ativa,recusa_oferta,Proposta apresentada não foi aceita; solicitado novo contato após revisão do caixa.
INT002208,PJ0748,2026-01-14,whatsapp,ativa,sem_sucesso,Tentativa sem sucesso; telefone chamou e não houve atendimento.
INT002207,PJ0748,2026-01-19,whatsapp,ativa,promessa_registrada,"Promessa de pagamento registrada para os próximos dias, aguardando acompanhamento."
INT002210,PJ0748,2026-01-24,telefone,ativa,dificuldade_temporaria,Representante relatou atraso pontual de um comprador e solicitou nova condição.
INT002209,PJ0748,2026-02-17,portal,receptiva,sem_sucesso,"Mensagem enviada no canal autorizado, ainda sem retorno do representante."
INT002214,PJ0749,2026-02-16,telefone,ativa,intencao_pagamento,Empresa informou fluxo de caixa previsto e pediu envio das opções no portal.
INT002212,PJ0749,2026-03-04,telefone,ativa,recusa_oferta,Proposta apresentada não foi aceita; solicitado novo contato após revisão do caixa.
INT002213,PJ0749,2026-04-12,telefone,ativa,promessa_registrada,Cliente confirmou data e valor para pagamento parcial pelo portal.
INT002211,PJ0749,2026-04-15,whatsapp,receptiva,contestacao,Representante contestou o valor e solicitou validação do contrato antes de negociar.
INT002217,PJ0750,2026-03-17,email,ativa,sem_sucesso,"Mensagem enviada no canal autorizado, ainda sem retorno do representante."
INT002216,PJ0750,2026-05-08,email,ativa,intencao_pagamento,Representante confirmou intenção de pagamento após recebimento de cliente relevante.
INT002215,PJ0750,2026-05-14,telefone,ativa,sem_sucesso,Tentativa sem sucesso; telefone chamou e não houve atendimento.
INT002218,PJ0751,2026-05-15,portal,receptiva,recusa_oferta,Cliente considerou a parcela acima da capacidade atual e recusou a oferta.
INT002219,PJ0752,2026-04-03,whatsapp,receptiva,intencao_pagamento,Cliente reconheceu o débito e solicitou prazo curto para organizar o pagamento.
INT002222,PJ0752,2026-04-08,whatsapp,ativa,sem_sucesso,E-mail devolvido; necessário validar o endereço antes de nova tentativa.
INT002220,PJ0752,2026-04-23,whatsapp,ativa,promessa_registrada,Cliente confirmou data e valor para pagamento parcial pelo portal.
INT002221,PJ0752,2026-05-07,email,receptiva,contestacao,Cliente informou divergência no saldo; negociação interrompida para análise.
INT002223,PJ0752,2026-05-26,whatsapp,ativa,sem_sucesso,"Mensagem enviada no canal autorizado, ainda sem retorno do representante."
INT002226,PJ0753,2026-04-24,whatsapp,ativa,intencao_pagamento,Empresa informou fluxo de caixa previsto e pediu envio das opções no portal.
INT002225,PJ0753,2026-05-01,whatsapp,receptiva,promessa_registrada,Cliente confirmou data e valor para pagamento parcial pelo portal.
INT002227,PJ0753,2026-05-17,portal,receptiva,recusa_oferta,Proposta apresentada não foi aceita; solicitado novo contato após revisão do caixa.
INT002224,PJ0753,2026-06-13,whatsapp,ativa,intencao_pagamento,Cliente reconheceu o débito e solicitou prazo curto para organizar o pagamento.
INT002229,PJ0754,2025-12-29,whatsapp,ativa,promessa_registrada,"Promessa de pagamento registrada para os próximos dias, aguardando acompanhamento."
INT002228,PJ0754,2026-01-19,whatsapp,ativa,sem_sucesso,E-mail devolvido; necessário validar o endereço antes de nova tentativa.
INT002232,PJ0755,2026-01-18,telefone,ativa,dificuldade_temporaria,Cliente relatou queda temporária de faturamento e interesse em parcelamento.
INT002230,PJ0755,2026-02-24,whatsapp,ativa,sem_sucesso,E-mail devolvido; necessário validar o endereço antes de nova tentativa.
INT002231,PJ0755,2026-03-19,portal,ativa,sem_sucesso,"Mensagem enviada no canal autorizado, ainda sem retorno do representante."
INT002233,PJ0756,2025-11-29,telefone,ativa,intencao_pagamento,Cliente reconheceu o débito e solicitou prazo curto para organizar o pagamento.
INT002236,PJ0757,2026-04-23,portal,ativa,intencao_pagamento,Empresa informou fluxo de caixa previsto e pediu envio das opções no portal.
INT002235,PJ0757,2026-05-31,telefone,ativa,sem_sucesso,"Mensagem enviada no canal autorizado, ainda sem retorno do representante."
INT002234,PJ0757,2026-06-11,whatsapp,ativa,intencao_pagamento,Cliente reconheceu o débito e solicitou prazo curto para organizar o pagamento.
INT002237,PJ0758,2026-03-21,whatsapp,ativa,intencao_pagamento,Cliente reconheceu o débito e solicitou prazo curto para organizar o pagamento.
INT002239,PJ0758,2026-04-13,email,ativa,dificuldade_temporaria,Cliente relatou queda temporária de faturamento e interesse em parcelamento.
INT002238,PJ0758,2026-04-24,whatsapp,ativa,promessa_registrada,Cliente confirmou data e valor para pagamento parcial pelo portal.
INT002240,PJ0758,2026-04-27,telefone,ativa,dificuldade_temporaria,Cliente relatou queda temporária de faturamento e interesse em parcelamento.
INT002244,PJ0759,2025-11-23,email,ativa,promessa_registrada,Cliente confirmou data e valor para pagamento parcial pelo portal.
INT002243,PJ0759,2025-12-07,telefone,ativa,recusa_oferta,Proposta apresentada não foi aceita; solicitado novo contato após revisão do caixa.
INT002242,PJ0759,2026-01-03,email,ativa,recusa_oferta,Cliente considerou a parcela acima da capacidade atual e recusou a oferta.
INT002241,PJ0759,2026-01-18,email,ativa,dificuldade_temporaria,Cliente relatou queda temporária de faturamento e interesse em parcelamento.
INT002245,PJ0760,2026-02-17,telefone,ativa,recusa_oferta,Cliente considerou a parcela acima da capacidade atual e recusou a oferta.
INT002246,PJ0760,2026-02-19,email,ativa,sem_sucesso,"Mensagem enviada no canal autorizado, ainda sem retorno do representante."
INT002248,PJ0760,2026-02-22,telefone,receptiva,sem_sucesso,Tentativa sem sucesso; telefone chamou e não houve atendimento.
INT002247,PJ0760,2026-02-27,whatsapp,ativa,sem_sucesso,Tentativa sem sucesso; telefone chamou e não houve atendimento.
INT002250,PJ0761,2026-01-30,whatsapp,ativa,sem_sucesso,"Mensagem enviada no canal autorizado, ainda sem retorno do representante."
INT002251,PJ0761,2026-02-14,telefone,receptiva,dificuldade_temporaria,Empresa informou sazonalidade no caixa e pediu parcelas alinhadas aos recebíveis.
INT002249,PJ0761,2026-03-14,portal,ativa,sem_sucesso,"Mensagem enviada no canal autorizado, ainda sem retorno do representante."
INT002254,PJ0762,2025-11-29,email,ativa,dificuldade_temporaria,Empresa informou sazonalidade no caixa e pediu parcelas alinhadas aos recebíveis.
INT002253,PJ0762,2025-12-22,whatsapp,ativa,intencao_pagamento,Cliente reconheceu o débito e solicitou prazo curto para organizar o pagamento.
INT002252,PJ0762,2026-01-21,email,ativa,dificuldade_temporaria,Representante relatou atraso pontual de um comprador e solicitou nova condição.
INT002255,PJ0762,2026-01-27,portal,ativa,contestacao,Cliente informou divergência no saldo; negociação interrompida para análise.
INT002260,PJ0763,2026-04-05,email,ativa,sem_sucesso,Tentativa sem sucesso; telefone chamou e não houve atendimento.
INT002258,PJ0763,2026-04-14,telefone,receptiva,sem_sucesso,Tentativa sem sucesso; telefone chamou e não houve atendimento.
INT002259,PJ0763,2026-04-22,whatsapp,ativa,intencao_pagamento,Empresa informou fluxo de caixa previsto e pediu envio das opções no portal.
INT002256,PJ0763,2026-04-24,email,receptiva,promessa_registrada,Cliente confirmou data e valor para pagamento parcial pelo portal.
INT002257,PJ0763,2026-05-25,portal,ativa,sem_sucesso,Tentativa sem sucesso; telefone chamou e não houve atendimento.
INT002263,PJ0764,2026-01-06,email,ativa,intencao_pagamento,Cliente reconheceu o débito e solicitou prazo curto para organizar o pagamento.
INT002262,PJ0764,2026-02-08,email,ativa,sem_sucesso,"Mensagem enviada no canal autorizado, ainda sem retorno do representante."
INT002261,PJ0764,2026-02-23,telefone,receptiva,intencao_pagamento,Empresa informou fluxo de caixa previsto e pediu envio das opções no portal.
INT002265,PJ0765,2026-03-13,email,receptiva,recusa_oferta,Proposta apresentada não foi aceita; solicitado novo contato após revisão do caixa.
INT002266,PJ0765,2026-03-24,telefone,ativa,sem_sucesso,Tentativa sem sucesso; telefone chamou e não houve atendimento.
INT002268,PJ0765,2026-04-15,whatsapp,ativa,dificuldade_temporaria,Representante relatou atraso pontual de um comprador e solicitou nova condição.
INT002264,PJ0765,2026-04-24,whatsapp,receptiva,recuperacao_judicial,Representante informou processo de recuperação judicial; caso requer equipe especializada.
INT002267,PJ0765,2026-04-27,portal,ativa,dificuldade_temporaria,Representante relatou atraso pontual de um comprador e solicitou nova condição.
INT002270,PJ0766,2026-04-27,telefone,ativa,promessa_registrada,Cliente confirmou data e valor para pagamento parcial pelo portal.
INT002269,PJ0766,2026-05-19,email,ativa,dificuldade_temporaria,Cliente relatou queda temporária de faturamento e interesse em parcelamento.
INT002271,PJ0766,2026-06-05,whatsapp,ativa,recusa_oferta,Proposta apresentada não foi aceita; solicitado novo contato após revisão do caixa.
INT002272,PJ0766,2026-06-29,email,ativa,recusa_oferta,Cliente considerou a parcela acima da capacidade atual e recusou a oferta.
INT002275,PJ0767,2026-01-05,portal,ativa,sem_sucesso,Tentativa sem sucesso; telefone chamou e não houve atendimento.
INT002276,PJ0767,2026-02-04,telefone,ativa,sem_sucesso,"Mensagem enviada no canal autorizado, ainda sem retorno do representante."
INT002273,PJ0767,2026-02-12,email,ativa,recusa_oferta,Cliente considerou a parcela acima da capacidade atual e recusou a oferta.
INT002274,PJ0767,2026-02-14,email,ativa,promessa_registrada,Cliente confirmou data e valor para pagamento parcial pelo portal.
INT002277,PJ0767,2026-02-14,whatsapp,ativa,dificuldade_temporaria,Cliente relatou queda temporária de faturamento e interesse em parcelamento.
INT002278,PJ0768,2026-02-23,telefone,receptiva,sem_sucesso,Tentativa sem sucesso; telefone chamou e não houve atendimento.
INT002279,PJ0768,2026-03-25,whatsapp,ativa,sem_sucesso,E-mail devolvido; necessário validar o endereço antes de nova tentativa.
INT002280,PJ0768,2026-04-11,email,ativa,intencao_pagamento,Representante confirmou intenção de pagamento após recebimento de cliente relevante.
INT002282,PJ0768,2026-04-26,telefone,ativa,contestacao,Cliente informou divergência no saldo; negociação interrompida para análise.
INT002281,PJ0768,2026-04-29,whatsapp,ativa,sem_sucesso,"Mensagem enviada no canal autorizado, ainda sem retorno do representante."
INT002285,PJ0769,2026-05-24,whatsapp,ativa,sem_sucesso,"Mensagem enviada no canal autorizado, ainda sem retorno do representante."
INT002286,PJ0769,2026-05-24,telefone,ativa,intencao_pagamento,Empresa informou fluxo de caixa previsto e pediu envio das opções no portal.
INT002287,PJ0769,2026-06-02,whatsapp,ativa,recuperacao_judicial,Representante informou processo de recuperação judicial; caso requer equipe especializada.
INT002284,PJ0769,2026-06-22,email,receptiva,intencao_pagamento,Cliente reconheceu o débito e solicitou prazo curto para organizar o pagamento.
INT002283,PJ0769,2026-06-29,email,ativa,intencao_pagamento,Cliente reconheceu o débito e solicitou prazo curto para organizar o pagamento.
INT002288,PJ0770,2026-01-18,whatsapp,ativa,intencao_pagamento,Empresa informou fluxo de caixa previsto e pediu envio das opções no portal.
INT002290,PJ0770,2026-02-18,whatsapp,receptiva,sem_sucesso,Tentativa sem sucesso; telefone chamou e não houve atendimento.
INT002289,PJ0770,2026-03-24,email,ativa,recusa_oferta,Cliente considerou a parcela acima da capacidade atual e recusou a oferta.
INT002291,PJ0771,2026-02-12,telefone,receptiva,sem_sucesso,Tentativa sem sucesso; telefone chamou e não houve atendimento.
INT002292,PJ0771,2026-02-24,telefone,ativa,dificuldade_temporaria,Empresa informou sazonalidade no caixa e pediu parcelas alinhadas aos recebíveis.
INT002293,PJ0771,2026-03-14,telefone,ativa,sem_sucesso,"Mensagem enviada no canal autorizado, ainda sem retorno do representante."
INT002294,PJ0772,2026-03-20,telefone,ativa,sem_sucesso,Tentativa sem sucesso; telefone chamou e não houve atendimento.
INT002295,PJ0773,2026-06-05,email,receptiva,dificuldade_temporaria,Cliente relatou queda temporária de faturamento e interesse em parcelamento.
INT002296,PJ0774,2026-04-08,whatsapp,ativa,sem_sucesso,E-mail devolvido; necessário validar o endereço antes de nova tentativa.
INT002299,PJ0774,2026-04-13,whatsapp,ativa,dificuldade_temporaria,Cliente relatou queda temporária de faturamento e interesse em parcelamento.
INT002298,PJ0774,2026-04-21,telefone,ativa,promessa_registrada,Cliente confirmou data e valor para pagamento parcial pelo portal.
INT002297,PJ0774,2026-05-07,telefone,ativa,intencao_pagamento,Empresa informou fluxo de caixa previsto e pediu envio das opções no portal.
INT002303,PJ0775,2026-03-26,portal,receptiva,intencao_pagamento,Cliente reconheceu o débito e solicitou prazo curto para organizar o pagamento.
INT002301,PJ0775,2026-04-10,email,ativa,promessa_registrada,"Promessa de pagamento registrada para os próximos dias, aguardando acompanhamento."
INT002300,PJ0775,2026-04-20,email,receptiva,sem_sucesso,E-mail devolvido; necessário validar o endereço antes de nova tentativa.
INT002302,PJ0775,2026-05-02,telefone,ativa,intencao_pagamento,Representante confirmou intenção de pagamento após recebimento de cliente relevante.
INT002304,PJ0776,2025-12-07,whatsapp,ativa,recusa_oferta,Cliente considerou a parcela acima da capacidade atual e recusou a oferta.
INT002306,PJ0776,2025-12-29,portal,ativa,intencao_pagamento,Representante confirmou intenção de pagamento após recebimento de cliente relevante.
INT002305,PJ0776,2026-01-16,email,ativa,sem_sucesso,Tentativa sem sucesso; telefone chamou e não houve atendimento.
INT002308,PJ0777,2025-12-31,whatsapp,ativa,sem_sucesso,"Mensagem enviada no canal autorizado, ainda sem retorno do representante."
INT002307,PJ0777,2026-01-07,whatsapp,receptiva,recusa_oferta,Cliente considerou a parcela acima da capacidade atual e recusou a oferta.
INT002312,PJ0778,2026-03-26,email,ativa,promessa_registrada,Cliente confirmou data e valor para pagamento parcial pelo portal.
INT002309,PJ0778,2026-04-17,whatsapp,ativa,sem_sucesso,"Mensagem enviada no canal autorizado, ainda sem retorno do representante."
INT002311,PJ0778,2026-04-24,whatsapp,ativa,sem_sucesso,"Mensagem enviada no canal autorizado, ainda sem retorno do representante."
INT002313,PJ0778,2026-05-03,telefone,receptiva,dificuldade_temporaria,Cliente relatou queda temporária de faturamento e interesse em parcelamento.
INT002310,PJ0778,2026-05-13,telefone,ativa,contestacao,Representante contestou o valor e solicitou validação do contrato antes de negociar.
INT002315,PJ0779,2026-04-26,whatsapp,receptiva,dificuldade_temporaria,Cliente relatou queda temporária de faturamento e interesse em parcelamento.
INT002314,PJ0779,2026-05-03,whatsapp,ativa,intencao_pagamento,Representante confirmou intenção de pagamento após recebimento de cliente relevante.
INT002316,PJ0780,2025-11-14,telefone,ativa,recusa_oferta,Proposta apresentada não foi aceita; solicitado novo contato após revisão do caixa.
INT002318,PJ0780,2025-12-30,telefone,ativa,sem_sucesso,E-mail devolvido; necessário validar o endereço antes de nova tentativa.
INT002317,PJ0780,2026-01-14,email,ativa,intencao_pagamento,Empresa informou fluxo de caixa previsto e pediu envio das opções no portal.
INT002319,PJ0780,2026-01-15,portal,ativa,sem_sucesso,Tentativa sem sucesso; telefone chamou e não houve atendimento.
INT002320,PJ0781,2026-03-01,whatsapp,ativa,sem_sucesso,E-mail devolvido; necessário validar o endereço antes de nova tentativa.
INT002322,PJ0781,2026-04-22,whatsapp,ativa,dificuldade_temporaria,Empresa informou sazonalidade no caixa e pediu parcelas alinhadas aos recebíveis.
INT002321,PJ0781,2026-04-26,whatsapp,receptiva,sem_sucesso,Tentativa sem sucesso; telefone chamou e não houve atendimento.
INT002323,PJ0782,2025-12-01,telefone,receptiva,sem_sucesso,E-mail devolvido; necessário validar o endereço antes de nova tentativa.
INT002326,PJ0782,2025-12-19,email,receptiva,sem_sucesso,E-mail devolvido; necessário validar o endereço antes de nova tentativa.
INT002324,PJ0782,2026-01-05,telefone,ativa,recusa_oferta,Cliente considerou a parcela acima da capacidade atual e recusou a oferta.
INT002325,PJ0782,2026-01-27,telefone,ativa,recusa_oferta,Cliente considerou a parcela acima da capacidade atual e recusou a oferta.
INT002329,PJ0783,2026-01-24,portal,receptiva,promessa_registrada,Cliente confirmou data e valor para pagamento parcial pelo portal.
INT002330,PJ0783,2026-02-03,whatsapp,ativa,dificuldade_temporaria,Representante relatou atraso pontual de um comprador e solicitou nova condição.
INT002327,PJ0783,2026-02-15,email,ativa,sem_sucesso,Tentativa sem sucesso; telefone chamou e não houve atendimento.
INT002328,PJ0783,2026-03-07,whatsapp,ativa,dificuldade_temporaria,Representante relatou atraso pontual de um comprador e solicitou nova condição.
INT002331,PJ0783,2026-03-24,telefone,ativa,promessa_registrada,Cliente confirmou data e valor para pagamento parcial pelo portal.
INT002333,PJ0784,2026-06-05,email,ativa,dificuldade_temporaria,Representante relatou atraso pontual de um comprador e solicitou nova condição.
INT002332,PJ0784,2026-06-12,whatsapp,ativa,contestacao,Cliente informou divergência no saldo; negociação interrompida para análise.
INT002336,PJ0785,2026-04-24,telefone,receptiva,sem_sucesso,"Mensagem enviada no canal autorizado, ainda sem retorno do representante."
INT002335,PJ0785,2026-05-27,telefone,receptiva,sem_sucesso,Tentativa sem sucesso; telefone chamou e não houve atendimento.
INT002334,PJ0785,2026-06-28,telefone,receptiva,recusa_oferta,Cliente considerou a parcela acima da capacidade atual e recusou a oferta.
INT002337,PJ0786,2026-05-24,telefone,ativa,dificuldade_temporaria,Representante relatou atraso pontual de um comprador e solicitou nova condição.
INT002338,PJ0787,2026-06-12,whatsapp,ativa,dificuldade_temporaria,Cliente relatou queda temporária de faturamento e interesse em parcelamento.
INT002341,PJ0788,2026-03-17,email,ativa,sem_sucesso,"Mensagem enviada no canal autorizado, ainda sem retorno do representante."
INT002340,PJ0788,2026-04-13,email,ativa,sem_sucesso,"Mensagem enviada no canal autorizado, ainda sem retorno do representante."
INT002343,PJ0788,2026-04-21,whatsapp,receptiva,sem_sucesso,Tentativa sem sucesso; telefone chamou e não houve atendimento.
INT002339,PJ0788,2026-04-30,whatsapp,ativa,dificuldade_temporaria,Representante relatou atraso pontual de um comprador e solicitou nova condição.
INT002342,PJ0788,2026-05-11,telefone,receptiva,dificuldade_temporaria,Cliente relatou queda temporária de faturamento e interesse em parcelamento.
INT002344,PJ0789,2026-02-26,whatsapp,ativa,sem_sucesso,"Mensagem enviada no canal autorizado, ainda sem retorno do representante."
INT002347,PJ0790,2026-04-22,email,ativa,intencao_pagamento,Representante confirmou intenção de pagamento após recebimento de cliente relevante.
INT002345,PJ0790,2026-05-09,portal,receptiva,dificuldade_temporaria,Empresa informou sazonalidade no caixa e pediu parcelas alinhadas aos recebíveis.
INT002346,PJ0790,2026-05-25,portal,receptiva,sem_sucesso,"Mensagem enviada no canal autorizado, ainda sem retorno do representante."
INT002348,PJ0791,2026-04-04,whatsapp,ativa,dificuldade_temporaria,Cliente relatou queda temporária de faturamento e interesse em parcelamento.
INT002350,PJ0791,2026-04-07,whatsapp,ativa,dificuldade_temporaria,Empresa informou sazonalidade no caixa e pediu parcelas alinhadas aos recebíveis.
INT002349,PJ0791,2026-05-03,telefone,ativa,sem_sucesso,"Mensagem enviada no canal autorizado, ainda sem retorno do representante."
INT002351,PJ0791,2026-05-10,whatsapp,receptiva,recusa_oferta,Proposta apresentada não foi aceita; solicitado novo contato após revisão do caixa.
INT002354,PJ0792,2025-12-16,telefone,ativa,sem_sucesso,"Mensagem enviada no canal autorizado, ainda sem retorno do representante."
INT002355,PJ0792,2025-12-22,portal,ativa,recusa_oferta,Cliente considerou a parcela acima da capacidade atual e recusou a oferta.
INT002352,PJ0792,2026-01-04,whatsapp,ativa,intencao_pagamento,Representante confirmou intenção de pagamento após recebimento de cliente relevante.
INT002353,PJ0792,2026-02-12,portal,ativa,contestacao,Representante contestou o valor e solicitou validação do contrato antes de negociar.
INT002356,PJ0793,2026-04-01,email,ativa,intencao_pagamento,Empresa informou fluxo de caixa previsto e pediu envio das opções no portal.
INT002357,PJ0794,2026-05-02,telefone,receptiva,promessa_registrada,"Promessa de pagamento registrada para os próximos dias, aguardando acompanhamento."
INT002360,PJ0794,2026-05-26,whatsapp,ativa,sem_sucesso,Tentativa sem sucesso; telefone chamou e não houve atendimento.
INT002359,PJ0794,2026-06-08,whatsapp,ativa,promessa_registrada,"Promessa de pagamento registrada para os próximos dias, aguardando acompanhamento."
INT002358,PJ0794,2026-06-19,telefone,ativa,promessa_registrada,"Promessa de pagamento registrada para os próximos dias, aguardando acompanhamento."
INT002361,PJ0795,2026-02-18,portal,ativa,recusa_oferta,Cliente considerou a parcela acima da capacidade atual e recusou a oferta.
INT002365,PJ0796,2026-03-19,email,ativa,recusa_oferta,Proposta apresentada não foi aceita; solicitado novo contato após revisão do caixa.
INT002362,PJ0796,2026-05-18,telefone,ativa,intencao_pagamento,Representante confirmou intenção de pagamento após recebimento de cliente relevante.
INT002363,PJ0796,2026-05-23,whatsapp,ativa,promessa_registrada,Cliente confirmou data e valor para pagamento parcial pelo portal.
INT002364,PJ0796,2026-05-27,whatsapp,ativa,sem_sucesso,"Mensagem enviada no canal autorizado, ainda sem retorno do representante."
INT002370,PJ0797,2026-03-03,whatsapp,ativa,intencao_pagamento,Representante confirmou intenção de pagamento após recebimento de cliente relevante.
INT002368,PJ0797,2026-03-14,whatsapp,receptiva,intencao_pagamento,Representante confirmou intenção de pagamento após recebimento de cliente relevante.
INT002367,PJ0797,2026-03-19,whatsapp,ativa,sem_sucesso,E-mail devolvido; necessário validar o endereço antes de nova tentativa.
INT002369,PJ0797,2026-03-20,portal,receptiva,intencao_pagamento,Cliente reconheceu o débito e solicitou prazo curto para organizar o pagamento.
INT002366,PJ0797,2026-04-22,email,ativa,intencao_pagamento,Empresa informou fluxo de caixa previsto e pediu envio das opções no portal.
INT002371,PJ0798,2026-02-23,email,ativa,recuperacao_judicial,Representante informou processo de recuperação judicial; caso requer equipe especializada.
INT002372,PJ0799,2026-03-14,telefone,ativa,contestacao,Representante contestou o valor e solicitou validação do contrato antes de negociar.
INT002374,PJ0799,2026-03-26,telefone,ativa,sem_sucesso,"Mensagem enviada no canal autorizado, ainda sem retorno do representante."
INT002373,PJ0799,2026-04-07,whatsapp,ativa,contestacao,Representante contestou o valor e solicitou validação do contrato antes de negociar.
INT002376,PJ0800,2026-01-18,whatsapp,receptiva,recusa_oferta,Cliente considerou a parcela acima da capacidade atual e recusou a oferta.
INT002377,PJ0800,2026-01-21,whatsapp,ativa,promessa_registrada,Cliente confirmou data e valor para pagamento parcial pelo portal.
INT002375,PJ0800,2026-02-18,whatsapp,receptiva,contestacao,Cliente informou divergência no saldo; negociação interrompida para análise.
INT002378,PJ0800,2026-02-22,email,ativa,promessa_registrada,Cliente confirmou data e valor para pagamento parcial pelo portal.
INT002379,PJ0800,2026-02-26,telefone,ativa,promessa_registrada,"Promessa de pagamento registrada para os próximos dias, aguardando acompanhamento."
